vocab,syn,morphs
가량,쯤; 정도,가량
료,"금, 비",료
률,율,률
비,"금, 료; 급진적, 급진적",비
율,률,율
쯤,가량,쯤
외,이외,외
가,가장자리; 액; 탈; 흐르다,가
가계,"살림, 살림살이",가계
가구,세대,가구
가급적가급적,되도록,가급적
가까스로,겨우; 겨우/간신히/근근이,가까스로
가꾸다,꾸미다,가꾸
가난,빈곤,가난
가냘프다,가녀리다; 가녀리다,가냘프
가느다랗다,가늘다; 가늘다,가느다랗
가늠,"눈대중, 어림짐작, 헤아리다; 짐작하다/판단하다/겨냥하다/헤아리다",가늠
가능,되다; 확률; 희망,가능
가다듬다,매만지다,가다듬
가동,작동,가동
가득히,가득; 가득,가득히
가뜩이나,"가뜩, 가뜩이",가뜩이나
가라앉다,진정되다,가라앉
가려내다,골라내다; 따지다; 따지다/골라내다,가려내
가렵다,간지럽다,가렵
가령,"예컨대, 이를테면",가령
가로가로,횡,가로
가로지르다,"건너다, 횡단하다; 넘어가다/횡단하다/건너다",가로지르
가로채다,빼앗다,가로채
가루,"분말, 분",가루
가르다,"나누다, 쪼개다; 나누다; 나누다",가르
가르침,"교수, 교육; 교육",가르침
가리다,막다; 구분하다,가리
가만,가만히; 가만히,가만
가만히,"가만; 가만; 가만; 몰래, 조용히; 그냥",가만히
가문,문벌,가문
가사,"집안일, 집일; 노랫말; 집안일",가사
가세,거들다,가세
가속,증속,가속
가시다,헹구다,가시
가열,"데우다, 익히다; 데우다/익히다",가열
가엾다,가엽다,가엾
가옥,집,가옥
가입,들다; 들어가다; 들어오다,가입
가장,호주; 가,가장
가전제품,가전,가전제품
가정주부,주부; 주부,가정주부
가중,더하다,가중
가지런히,나란히,가지런히
가책,책망,가책
가치,값어치,가치
가톨릭,"가톨릭교, 가톨릭교회",가톨릭
가파르다,비탈지다; 비탈지다,가파르
가하다,더하다,가하
가혹,"끔찍하다, 잔인하다, 참혹하다; 끔찍하다/혹독하다/심하다",가혹
각,"각도; 제각각제각각, 제각기제각기",각
각광,주목; 주목,각광
각기각기,"각각, 각각",각기
각도,각,각도
각박하다,야박하다,각박
각별하다,각별나다; 특별하다,각별
각별히,"남달리, 유달리",각별히
각본,극본,각본
각성,깨닫다,각성
각양각색,"가지각색, 형형색색",각양각색
각오,다짐; 결심/결정/투지/다짐,각오
각종,"각가지, 각색",각종
각지,각처,각지
간,"사이; 관계, 사이",간
간간이,"때때로, 이따금",간간이
간격,간극; 거리,간격
간과하다,지나치다,간과
간략하다,간단하다,간략
간밤,지난밤,간밤
간섭,"관여, 개입, 참견, 끼어들다; 거들다/개입하다",간섭
간소하다,"수수하다, 간편하다",간소
간신히,"가까스로 , 겨우; 겨우/가까스로/근근이",간신히
간절하다,절실하다; 절실하다,간절
간절히,절실히; 절실히,간절히
간주,여기다,간주
간지럽다,가렵다,간지럽
간직,보관,간직
간첩,"스파이, 첩자",간첩
간편하다,간소하다,간편
간호,간병,간호
간혹간혹,혹; 가끔/어쩌다가/때때로/이따금,간혹
갇히다,감금되다,갇히
갈다,"교체하다, 대체하다",갈
갈라지다,나뉘다,갈라지
갈망,"열망, 원하다",갈망
갈수록,"날로, 점점",갈수록
갈증,목마름,갈증
감,느낌; 느낌,감
감각,느낌,감각
감격,감동,감격
감금,가두다,감금
감당,해내다; 견디다; 처리하다/해내다/견디다,감당
감독,감시,감독
감동,"감명; 감격적, 감격적",감동
감량,"감소, 줄이다",감량
감명,감동,감명
감미롭다,달콤하다; 달다; 달콤하다,감미
감성,감수성,감성
감소,줄다; 줄다,감소
감수성,감성,감수성
감시,감독,감시
감안,"고려, 참작; 유 고려하다/참작하다",감안
감염,전염,감염
감옥,옥,감옥
감원,줄이다,감원
감지,느끼다,감지
감촉,촉감,감촉
감추다,숨기다,감추
감축,줄이다; 유 줄이다,감축
감하다,"빼다, 줄이다; 줄다",감하
갑갑하다,답답하다; 답답하다; 답답하다,갑갑
갑작스럽다,돌연하다,갑작스럽
값싸다,싸다,값싸
값어치,가치,값어치
값지다,"값비싸다, 귀하다",값지
갓,"금방, 막; 방금/처음",갓
강간,겁탈,강간
강국,강대국,강국
강대국,"강국, 강대국가",강대국
강도,세기; 도둑,강도
강렬하다,강하다,강렬
강물,강수,강물
강압,"압박, 억압",강압
강연,"강의, 강좌, 연설",강연
강의,"강연, 강좌, 가르치다",강의
강인하다,강하다,강인
강제적∙강제적,"강압적, 강압적",강제
강좌,"강연, 강의",강좌
갖은,온갖,갖은
갖추다,구비하다,갖추
개개인,개인,개개인
개관,열다,개관
개그,익살,개그
개다,개키다,개
개량,개선,개량
개발,계발; 발달/성장/발전,개발
개방,열다,개방
개봉,열다,개봉
개선,고치다,개선
개설,만들다; 만들다,개설
개신교,프로테스탄트,개신교
개업,열다,개업
개요,개략,개요
개운하다,"가볍다, 산뜻하다, 시원하다; 거뜬하다/시원하다/기뿐하다",개운
개인,개개인,개인
개입,"간섭, 관여, 참견, 끼어들다; 유 관여하다/끼어들다/간섭하다",개입
개장,열다,개장
개정,"변경, 수정, 고치다",개정
개조,"변경, 바꾸다",개조
개척,개간,개척
개최,"주최, 열다; 열다; 열리다",개최
개편,"개조, 변경, 고치다",개편
개혁,개변,개혁
객실,"객방, 빈실 , 손님방",객실
객지,타향,객지
거금,큰돈,거금
거닐다,걷다; 걷다,거닐
거동,움직임,거동
거들다,돕다,거들
거듭,"또, 재차; 끊임없이/재차/자꾸/연거푸",거듭
거뜬하다,쉽다; 가뜬하다,거뜬
거룩하다,"귀하다, 귀중하다, 성스럽다",거룩
거르다,여과하다,거르
거리,재료,거리
거만,거드름; 오만하다/도도하다/불손하다,거만
거부,거절; 거절,거부
거북이,거북,거북이
거북하다,"불편하다; 난처하다, 불편하다",거북
거세다,"거칠다, 세차다; 강하다",거세
거스르다,거역하다,거스르
거스름돈,잔돈,거스름돈
거액,"거금, 목돈",거액
거주,주거; 살다,거주
거주자,주민,거주자
거지,걸인,거지
거짓,허위,거짓
거처,거소,거처
거치다,"경유하다, 들르다; 통하다/뒤지다",거치
거칠다,거칠거칠하다; 척박하다; 거세다; 거세다; 세다; 험하다/험난하다,거칠
걱정거리,근심거리,걱정거리
걱정스럽다,"근심스럽다, 염려스럽다; 고민",걱정
꺾이다,부러지다,꺾이
건국,개국,건국
건기,건조기,건기
건널목,횡단보도; 횡단보도,건널목
건네다,주다,건네
건립,세우다; 세우다,건립
건설,건축,건설
건조,말리다,건조
건지다,구하다; 구원하다/꺼내다,건지
건축,"건설, 세우다",건축
건축가,"건축사, 건축자",건축가
건축물,건물,건축물
걸림돌,장애물; 방해/장애/장해,걸림돌
걸맞다,"알맞다, 어울리다, 적합하다",걸맞
걸작,명작,걸작
걸핏하면,툭하면,걸핏
검,칼; 까맣다; 까맣다; 까맣다,검
검거,잡다,검거
검사,검찰관,검사
검색,찾다; 찾다,검색
검진,진찰,검진
검찰,검찰청,검찰
겁나다,"두렵다, 무섭다; 무섭다",겁나
겁내다,"두려워하다, 무서워하다",겁내
겉모습,겉모양,겉모습
겉보기,외관,겉보기
게다가,더구나,게다가
게시판,"안내판, 알림판",게시판
게재,"등재, 싣다",게재
겨냥,조준; 타깃,겨냥
겨를,틈; 시간/새/팀,겨
겨우,가까스로; 가까스로/간신히/근근이,겨우
겨울철,"동계, 동절",겨울철
격렬하다,극렬하다; 치열하다/맹렬하다/강열하다,격렬
격리,분리; 외지다/고립되다/구석지다,격리
격언,명언,격언
격차,"차이, 틈",격차
겪다,경험하다; 경험,겪
견고하다,공고하다; 튼튼하다/튼실하다/굳다,견고
견디다,"버티다, 참다, 인내하다; 참다",견디
견본,견품; 샘플/시료/시식,견본
견제,방해,견제
견주다,비교하다; 비유하다/비교하다/비기다/대보다,견주
견해,의견,견해
결국결국,"드디어, 마침내; 드디어",결국
결근,쉬다; 쉬다; 결석하다,결근
결단,결정,결단
결말,결국,결말
결별,이별,결별
결부,연결,결부
결성,조직,결성
결승,결승전,결승
결승전,결승,결승전
결실,결과; 결과/성과/주효/주공열매,결실
결여,"결핍, 부족",결여
결의,결심; 의결; 결심; 각오/결심/생각,결의
결점,단점,결점
결코,절대; 결단코/아예/절대로) (____ + 부정문,결코
결핍,"결여, 부족; 결여/가난/궁핍",결핍
결함,결점; 결점/단점/약점,결함
결혼식장,예식장,결혼식장
겸손,겸허,겸손
겸하다,겸임하다; 결합하다/통합하다/합하다/겸비하다,겸하
겸허,겸손,겸허
겹,이중,겹
경,"께, 무렵, 쯤",경
경각심,경계심,경각심
경과,지나다,경과
경관,경치,경관
경로,루트,경로
경멸,멸시,경멸
경비,비용; 경비원; 돈,경비
경사,기울기,경사
경솔하다,경박하다; 무모하다/성급하다/섣부르다,경솔
경시,"무시, 멸시",경시
경연,대회,경연
경영,운영,경영
경영학,경영 경제학,경영학
경위,과정,경위
경유,"거치다, 들르다",경유
경주,달리기; 달리기,경주
경지,"부문, 분야, 영역",경지
경직,굳다; 굳다,경직
경찰관,"경관, 경찰; 경찰",경찰관
경청,듣다,경청
경향,동향; 성향/추세/기질/풍,경향
경험담,체험담,경험담
곁,옆,곁
계급,지위,계급
계기,"근거, 동기, 원인; 동기/원인/근거",계기
계발,개발,계발
계승,"전승, 물려받다",계승
계열,"관련, 계통",계열
계좌,구좌,계좌
계층,층,계층
계통,계열; 계열,계통
고갈,마르다; 지치다/피로하다/바닥나다,고갈
고개,언덕,고개
고객,손님; 손님,고객
고교생,고등학생; 고등학생,고교생
고국,조국,고국
고궁,"궁전, 궁정, 대궐, 전각, 궁",고궁
고난,고초,고난
고단하다,"곤하다, 노곤하다, 피곤하다; 피곤; 힘들다",고단
고달프다,"고단하다, 피로하다, 힘들다",고달프
고독,외로움,고독
고되다,"고단하다, 힘들다",고되
고려,생각,고려
고령,"노년, 노령",고령
고령화,노령화,고령화
고르다,"균등하다, 가지런하다",고르
고리,링,고리
고마워하다,감사하다,고마워
고상하다,우아하다,고상
고생,수고,고생
고수,지키다,고수
고스란히,그대로; 온전히/그대로,고스란히
고심,고심초사,고심
고아원,보육원,고아원
고안,궁리,고안
고요,정적; 조용하다,고요
고유,특유; 자연적/내재적,고유
고이다,괴다; 편안히/정성스레)/calmly/beautifully (곱게,고이
고작고작,고작해야; 겨우/기껏해야,고작
고장,"마을, 지역, 지방",고장
고조,무르익다; 격해지다/무르녹다/높아지다,고조
고찰,생각; 고려/궁리/배려,고찰
고충,"괴로움, 어려움; 괴로움/어려움/곤경/장애",고충
고통,아픔,고통
고함,함성,고함
고혈압,고혈압증,고
곡,노래; 노래,곡
곡물,곡식,곡물
곡식,곡물,곡식
곤궁,"빈곤, 빈궁",곤궁
곤욕,모욕,곤욕
곧다,바르다; 강직하다; 바로,곧
곧바로,즉시,곧바로
곧잘,"빈번히, 자주; 제법 잘) easily/often (쉽사리/자주",곧잘
곧장,똑바로,곧장
골대,골포스트,골대
골동품,"골동, 골동물",골동품
골머리,골치,골머리
골목,골목길,골목
골목길,골목,골목길
골짜기,골,골짜기
골치,골머리,골치
골칫거리,두통거리,골칫거리
곰곰이,곰곰,곰곰이
곱다,"아름답다, 예쁘다; 아름답다, 예쁘다; 아름답다, 예쁘다; 아름답다; 예쁘다",곱
곳곳,"도처, 여기저기; 여기저기",곳곳
공,"공로, 공적; 영; 영",공
공감,동감,공감
공경,존경,공경
공고,"공시, 반포, 공포",공고
공급,"보급, 제공",공급
공기,대기,공기
공동,합동,공동
공로,공; 공적/기여/기부/공헌/기고,공로
공문,공문서,공문
공백,"공란, 여백",공백
공사장,공사판,공사장
공상,"망상, 상상",공상
공연히,괜히; 꽨히/쓸데없이,공연히
공적,"공, 공로",공적
공지,알리다,공지
공터,"공지, 빈터, 터",공터
공통점,동일점,공통점
공평하다,공정하다,공평
공포,"공시, 반포, 공고; 두려움, 무서움",공포
공포감,"두려움, 무서움",공포감
공학,엔지니어링,공학
공헌,기여,공헌
과감하다,대담하다; 용감하다/급격하다/극단,과감
과격하다,"거세다, 난폭하다; 극심하다/지나치다",과격
과녁,과녁판,과녁
과도하다,지나치다; 심하다/지나치다/과하다,과도
과보호,과잉보호,과보호
과부,"과수, 과붓집",과부
과속,과속도,과속
과시,자랑,과시
과연,역시,과연
과잉,넘치다,과잉
과제,문제; 숙제; 숙제,과제
과하다,지나치다,과하
관객,"관람자, 구경꾼",관객
관계없다,상관없다,관계없
관계없이,상관없이,관계없이
관계있다,상관있다; 사이,관계
관념,견해; 개념,관념
관대하다,"너그럽다, 인자하다",관대
관람,구경; 보다,관람
관련,연관; 관계,관련
관련자,관계자,관련자
관례,"관습, 관행",관례
관료,관리,관료
관리,관료,관리
관습,"관례, 관행",관습
관심사,관심거리,관심사
관여,"간섭, 개입, 참견; 관계하다/참여하다/휘말리다/연루되/관련되다",관여
관용,아량; 아량/관면/도량/활달,관용
관용어,관용구,관용어
관절,뼈마디,관절
관점,견지,관점
관중,관객,관중
관직,직,관직
관찰,"관측, 살피다",관찰
관청,관공서,관청
관측,관찰; 목격하다/관찰되다/감시되다,관측
관하다,대하다,관하
관행,"관례, 관습; 관습/습관/풍속/풍습",관행
광경,장면,광경
광범위하다,광범하다,광범위
광복,독립,광복
광부,갱부,광부
광활하다,드넓다; 광대하다/대대적/광범위하다,광활
괜히,공연히,괜히
굉장하다,"대단하다, 상당하다",굉장
굉장히,매우,굉장히
교내,학내,교내
교도소,"감방, 감옥",교도소
교란,뒤흔들다,교란
교복,학생복,교복
교섭,"의논, 협의",교섭
교외,"근교, 시외",교외
교원,교사; 교사,교원
교육자,교육가,교육자
교장,학교장,교장
교정,바로잡다,교정
교제,사귀다; 데이트; 사귀다,교제
교체,대체; 교환; 바꾸다; 대신되다/대체되다,교체
교포,"교민, 동포",교포
교활하다,약다,교활
구,원; 아홉아홉; 아흔아흔,구
구걸,"걸식, 동냥",구걸
구경거리,구경감,구경거리
구경꾼,"관객, 관람자",구경
구급차,"앰뷸런스, 응급차",구급차
구두쇠,"수전노, 자린고비",구두쇠
구르다,돌다,구르
구매,"구입, 매입, 사다; 사다",구매
구박,타박,구박
구별,"구분, 변별, 분간",구별
구부리다,"굽히다, 숙이다",구부리
구분,"구별, 분류, 분리",구분
구비,갖추다; 갖추다/완비하다,구비
구사,쓰다; 쓰다; 능숙하게 다루다/능통하다,구사
구상,"설계, 생각, 아이디어",구상
구석구석,샅샅이,구석구석
구성,짜임새; 플롯,구성
구성원,성원,구성원
구속,속박,구속
구실,소임,구실
구애,"거리낌, 방해",구애
구어,입말,구어
구원,"구조, 구제, 구하다",구원
구입,"구매, 매입, 사다",구입
구절,"글귀, 문구",구절
구제,구조,구제
구조,"구제, 구하다; 틀, 체제; 제도적, 제도적",구조
구축,쌓다,구축
구출,"구조, 구하다",구출
구태여,"굳이, 일부러; 굳이/일부러",구태여
구토,토,구토
구하다,찾다; 건지다,구하
구호,"구제, 구하다",구호
국가,나라; 나라,국가
국무총리,총리,국무총리
국물,국,국물
국비,관비,국비
국산,국내산,국산
국악,한국 음악,국악
국왕,"왕, 임금",국왕
국정,국무,국정
국한,한정; 한정되다,국한
국화,국화꽃,국화
군,군대,군
군대,군,군대
군데,곳,군데
군데군데군데군데,"여기저기, 이곳저곳",군데군데
군사,"병사; 병졸, 병사",군사
군중,대중,군중
굳이,"구태여, 기어이, 일부러",굳이
굴,"동굴, 소굴",굴
굴곡,기복,굴곡
굴다,행동하다,굴다
굶다,주리다,굶
굶주림,기아,굶주림
굽히다,"구부리다, 숙이다",굽
궁,궁궐,궁
궁궐,"궁, 궁전, 궁정, 대궐, 전각",궁궐
궁중,"궐내, 궁내",궁중
권위적∙권위적,"권위주의적, 권위주의적",권위
권유,권하다,권유
권장,장려; 격려하다/권유하다/장려하다/북돋다,권장
권투,"복싱, 권투 경기",권투
권하다,권유하다,권
권한,권리,권한
귀감,"모범, 본보기; 모범/본보기",귀감
귀국,환국,귀국
귀하다,고귀하다,귀하
귀향,환향,귀향
귓속말,귀엣말,귓속말
규모,크기,규모
규범,규율; 규칙,규범
규율,규범,규율
균,세균,균
균형,평형; 평형,균형
그간,그사이; 그동안,그간
그늘,음영,그늘
그다지,그리; 별로; 부정문,그다지
그때그때그때그때,수시로,그때
그럭저럭,그렁저렁,그럭저럭
그르다그르다,잘못되다; 잘못되다,그르
그릇되다,잘못되다,그릇
그리,그다지,그리
그만큼그만큼,"그만치, 그만치",그만큼
그만하다,그만두다,그만
그제야,비로소,그제야
그지없다,한없다,그지없
극복,"뛰어넘다, 이기다",극복
극심하다,막심하다,극심
극히,"대단히, 상당히",극히
근간,"근본, 근저, 기초",근간
근검절약,아끼다,근검절약
근교,교외,근교
근로자,노동자,근로자
근무,일하다,근무
근본,"근저, 기초, 근간",근본
근심,걱정; 걱정,근심
글쓴이,"작가, 저자",글쓴이
긁다,긁적이다,긁
금,금요일; 황금; 금지하다; 금요일,금
금기,터부,금기
금년,올해; 올해,금년
금리,이자,금리
금세,금방; 순식간에/금방/어느새,금세
금속,쇠붙이,금속
금액,"값, 가격",금액
금전,화폐; 돈,금전
급,"급수, 계급, 등급",급
급급하다,바쁘다,급급
급등,폭등; 급증하다/폭등하다,급등
급락,폭락; 폭락하다/곤두박질치다,급락
급여,급료,급여
긍지,자부심,긍지
기,깃발,기
기고,투고,기고
기교,"수완, 테크닉",기교
기구,도구,기구
기권,포기; 삼가다/피하다/절제하다,기권
기꺼이,흔쾌히,기꺼이
기능,성능,기능
기대다,"의존하다, 의지하다",기대
기도,"도모, 시도; 기원",기도
기독교,"그리스도교, 크리스트교",기독교
기량,기능; 재주/능력/솜씨,기량
기름기,유분,기름기
기립,"서다, 일어나다, 일어서다; 일어서다",기립
기만,"사기, 속이다",기만
기말시험,기말고사,기말시험
기묘하다,신기하다,기묘
기미,낌새,기미
기반,"기초, 바탕; 기틀/기초/터전",기반
기본,"기초, 바탕",기본
기부,기증,기부
기부금,기금,기부금
기상,날씨,기상
기색,기미,기색
기성세대,구세대,기성
기세,형세; 강요/힘/위력,기세
기술,테크닉,기술
기술자,기술가,기술자
기아,굶주림,기아
기압,대기압,기압
기약,약속,기약
기어이,기어코; 반드시,기어이
기어코,기어이,기어코
기업가,"기업인, 기업자",기업가
기업체,사업체,기업체
기여,공헌; 공헌하다/이바지하다,기여
기울다,경사지다; 쏠리다,기울
기웃거리다,"기웃대다, 기웃기웃하다",기웃거리
기원,기도; 바라다,기원
기원전,비시,기원전
기원후,"서기, 서력, 에이디",기원후
기이하다,기묘하다,기이
기인하다,말미암다; 말미암다,기인
기절,혼절,기절
기점,"시작점, 시점, 출발점",기점
기증,"증여, 증정",기증
기초,"근본, 근저, 근간",기초
기틀,"기반, 기초, 토대; 기반/기초/바탕",기틀
기피,"회피, 꺼리다, 멀리하다, 피하다; 회피하다/모면하다/막다/방지하다/꺼리다/피하다",기피
기필코,반드시; 기어이/반드시,기필코
기한,마감,기한
기행문,여행기,기행문
기호,심벌,기호
기호품,기호 식품,기호품
긴팔,긴소매,긴팔
길가,길옆,길가
길거리,거리; 거리,길거리
깃,옷깃,깃
깃발,기,깃발
깃털,깃,깃털
까다,벗기다,까
까닭,이유; 이유/근거/원인,까닭
까먹다,"잊다, 잊어버리다",까먹
깔끔하다,청결하다,깔끔
깜깜하다,어둡다,깜깜
깜박하다,"까먹다, 잊다, 잊어버리다",깜박
깡통,캔,깡통
깨다,부수다; 어기다; 일어나다,깨
깨닫다,알아차리다; 이해,깨닫
깨뜨리다,깨트리다; 깨트리다,깨뜨리
꺼리다,싫어하다; 살뚱머룩하다/뜨악하다/피하다,꺼리
꺼림칙하다,께름칙하다; 찜찜하다/찝찝하다/죄 있다,꺼림칙
꺼지다,나가다; 내려앉다,꺼지
꺾다,부러뜨리다; 돌리다,꺾
껍데기,껍질,껍데기
껍질,껍데기,껍질
께,경,께
껴안다,포옹하다,껴안
꼬마,꼬맹이,꼬마
꼬박,꼬박이,꼬박
꼭대기,정상,꼭대기
꼴,모습; 모양,꼴
꼴불견,가관,꼴불견
꼴찌,꼴등,꼴찌
꼼꼼히,꼼꼼,꼼꼼히
꽃무늬,꽃문양,꽃무늬
꽉,"꾹, 힘껏; 세게/단단히/꼭)/fully (가득",꽉
꽤,"비교적, 상당히, 제법; 꽤/곧잘",꽤
꾀하다,"꾸미다, 도모하다",꾀하
꾸다,빌리다; 빌리다,꾸
꾸리다,싸다; 싸다/챙기다/2다스리다/제가하다/처리하다/당가하다,꾸리
꾸미다,가꾸다; 날조하다; 수식하다,꾸미
꾸준하다,끊임없다,꾸준
꾸준히,끊임없이; 끊임없이,꾸준히
꾸중,꾸지람; 큰소리,꾸중
꾸짖다,꾸지람하다,꾸짖
꾹,꽉,꾹
꿈꾸다,염원하다,꿈꾸
꿈틀거리다,"꿈틀꿈틀하다, 꿈틀대다",꿈틀거리
꿰뚫다,관통하다,꿰뚫
꿰매다,"깁다, 바느질하다",꿰매
끄덕이다,"끄덕거리다, 끄덕대다, 끄덕하다",끄덕이
끄집어내다,꺼내다,끄집어내
끈,줄; 줄,끈
끈기,참을성,끈기
끈질기다,집요하다; 집요하다/악착같다,끈질기
끊기다,"끊어지다; 끊어지다, 단절되다; 끊어지다; 끊어지다, 중단되다; 끊어지다; 끊어지다",끊기
끊어지다,"끊기다; 끊기다, 단절되다; 끊기다, 중단되다; 끊기다; 끊기다",끊
끊임없다,"면면하다, 부단하다",끊임없
끊임없이,"면면히, 부단히",끊임없이
끌다,운전하다; 이끌다,끌
끌어내다,유도하다,끌어내
끌어당기다,잡아당기다,끌어당기
끌어들이다,포섭하다,끌어들이
끌어안다,껴안다; 껴안다,끌어안
끓어오르다,치밀다,끓어오르
끔찍이,몹시; 극진히,끔찍이
끔찍하다,참혹하다; 극진하다; 혹독하다/심하다2헌신적,끔찍
끝맺다,마무리하다,끝맺
끝없다,무한하다; 다하다; 마지막,끝
끝없이,"무한히, 한없이",끝없이
끝장,마지막,끝장
끼,끼니; 끼니,끼
끼니,끼,끼니
끼얹다,뿌리다; 붓다/따르다//쏟다뿌리다,끼얹
끼치다,돋다; 미치다,끼치
나날,하루하루,나날
나날이,날로,나날이
나뉘다,"갈라지다, 쪼개지다",나뉘
나돌다,"나다니다, 돌아다니다",나돌
나들이,바깥나들이; 외출; 흐르다,나
나르다,"옮기다, 운반하다",나르다
나른하다,노곤하다,나른
나무라다,"꾸중하다, 꾸짖다, 혼내다; 혼내다/야단치다/꾸짖다/꾸중하다",나무라
나부끼다,휘날리다,나부끼
나빠지다,악화되다,나빠
나서다,나오다,나서
나아가다,"전진하다; 진전하다    , 진행하다",나아가
나아지다,호전되다,나아지
나약하다,여리다; 약하다/부실하다,나약
나열,열거,나열
나이프,칼,나이프
나지막하다,"나직하다   , 낮다         , 작다; 나직하다   , 낮다         , 작다",나지막
나침반,나침판,나침반
나타내다,"보이다    , 등장하다; 표현하다; 드러내다    , 보이다",나타내
낙,"기쁨         , 보람      , 즐거움",낙
낙관적∙낙관적,"긍정적   , 긍정적; 긍정적   , 긍정적",낙관
낙방,"불합격      , 탈락        , 떨어지다",낙방
낙심,"상심         , 실망         , 낙담",낙심
낙원,파라다이스,낙원
낙제,유급; 실패하다/떨어지다/불합격/미끄러지다/유급하다,낙제
낙천적∙낙천적,"낙관적 , 낙관적",낙천
낙후,"뒤떨어지다           , 뒤지다         , 오래되다; 뒤에 처지다/뒤떨어지다",낙후
낚다,잡다,낚
난,칸; 지면,난
난감하다,난처하다,난감
난관,"역경           , 곤경            , 어려움",난관
난데없이,"갑자기        , 느닷없이     , 별안간; 갑자기/뜻밖에",난데없이
난로,스토브,난로
난리,난; 야단,난리
난처하다,난감하다; 난감하다/쑥스럽다/멋적다,난처
난치병,불치병,난치병
날로,나날이; 날씨; 날짜,날
날리다,나부끼다,날리
날아가다,"비행하다; 사라지다      , 없어지다",날아가
날아다니다,비행하다,날아다니
날아들다,날아오다,날아들
날아오다,날아들다,날아오
날아오르다,비상하다,날아오르
날카롭다,"뾰족하다; 신랄하다 , 예리하다",날카롭
낡다,오래되다; 오래되다,낡
남,남자; 남쪽; 남자아이; 남성; 남자,남
남김없이,모조리; 빠짐없이/모조리/모두,남김없이
남녀평등,남녀동등,남녀
남다르다,"뛰어나다 , 특별하다,",남다르
남매,오누이,남매
남미,남아메리카,남미
남용,오용; 악용하다/구박하다/학대하다,남용
남한,이남,남한
납득,"수긍, 알아듣다, 이해하다; 받아들이다/수용하다/응하다/이해하다",납득
납부,"납입, 내다; 내다",납부
납치,유괴,납치
낭독,낭송; 읽다,낭독
낭만적∙낭만적,"감상적, 감상적",낭만
낭송,낭독,낭송
낮추다,"내리다    , 떨어뜨리다; 줄이다",낮추
낯,얼굴; 면목,낯
낱낱이,"모두       , 빠짐없이 , 샅샅이    , 싹         , 전부",낱낱이
낱말,단어; 단어,낱말
낳다,"출산하다; 가져오다, 불러오다, 초래하다",낳
내내,"줄곧, 내; 계속계속",내내
내놓다,대접하다; 걸다,내놓
내다보다,바라다보다; 예측하다,내다보
내달,새달,내달
내려놓다,놓아두다,내려놓
내려앉다,무너지다; 가라앉다,내려앉
내륙,"대륙        , 육지",내륙
내리치다,후려치다,내리치
내막,"속내, 속사정  , 실상",내막
내몰다,"내쫓다   , 쫓아내다 , 추방하다; 내쫓다   , 쫓아내다; 몰아내다/축출하다/내쫓다",내몰
내몰리다,내쫓기다; 내쫓기다,내몰리
내밀다,내뻗다,내밀
내뱉다,내뿜다; 뱉다,내뱉
내보내다,방송하다,내보내
내보이다,"드러내다, 제시하다; 내비치다, 드러내다; 내불다; 건네주다; 넘겨주다   , 양도하다; 냄새; 배출하다/발산하다/사출하",내
내복,"내의, 속내복",내복
내비치다,"내보이다, 드러내다",내비치
내세우다,"내걸다    , 내놓다; 내놓다/주장하다/확연하다/단언하다",내세우
내실,실속,내실
내심,속마음,내심
내역,명세,내역
내외,안팎; 안팎; 부부,내외
내용물,내용품,내용물
내젓다,"휘두르다 , 흔들다; 흔들다",내젓
내쫓다,"내몰다, 쫓아내다, 추방하다; 내몰다, 쫓아내다, 추방하다 , 해고하다",내쫓
내치다,"던지다, 뿌리치다",내치
내키다,"들다, 솟아나다",내키
냇가,개천가,냇가
냉기,"한기 , 찬기",냉기
냉담하다,"냉랭하다, 쌀쌀하다; 냉정하다/차갑다/쌀쌀맞다",냉담
냉동,얼리다,냉동
냉수,찬물; 찬물,냉수
냉정하다,"냉담하다, 냉랭하다, 쌀쌀하다",냉정
냉혹하다,매섭다,냉혹
너그럽다,관대하다,너그럽
너무나,너무; 너무,너무나
너무하다너무하다,"심하다    , 지나치다",너무
너비,"넓이 , 폭",너비
넉,"너, 네, 사",넉
넉넉하다,"많다      , 충분하다; 많다      , 충분하다",넉넉
넋,"혼 , 혼백",넋
널다,펼치다,널
널리다,늘비하다,널리
넓이,너비,넓이
넓히다,확장하다,넓
넘겨주다,"건네주다, 양도하다",넘겨
넘기다,지나다; 면하다; 펼치다; 양도하다,넘기
넘나들다,"들락거리다, 들락대다, 들락이다         , 들락날락하다,; 드나들다/넘나들다",넘나들
넘보다,넘겨다보다,넘보
넘어가다,쓰러지다; 속다,넘어가
넘어뜨리다,넘어트리다; 넘어트리다,넘어뜨리
넘어서다,뛰어넘다,넘어서
넘치다,"범람하다; 과하다, 지나치다",넘치
네모,사각형,네모
네모나다,네모지다,네모나
네트워크,"망, 통신망",네트워크
네티즌,누리꾼,네티즌
녀석,놈,녀석
노골적∙노골적,"사실적, 사실적",노골
노년,"늘그막, 만년",노년
노동,근로,노동
노동자,근로자,노동자
노랑,노란색; 노란색,노랑
노려보다,째려보다,노려보
노른자,노른자위,노른자
노릇,구실,노릇
노리다,엿보다,노리
노선,"선로; 방향, 사상",노선
노숙자,노숙인,노숙자
노여움,"화, 분노",노여움
노예,종,노예
노처녀,올드미스,노처녀
노출,드러내다,노출
노트북,노트북 컴퓨터,노트북
노폐물,찌꺼기,노폐물
노하다,화나다,노하
노화,늙다,노화
노후,낡다; 만년/노후대책,노후
녹아내리다,풀리다,녹아내리
녹음,레코드,녹음
녹이다,덥히다; 그린벨트,녹
논란,논쟁; 논쟁/항론/논파/의론,논란
논리,이치,논리
논밭,전답,논밭
논설문,논설,논설문
논의,의논,논의
논쟁,논전; 논란/논의/논란,논쟁
논증,"입증, 증명",논증
논평,"비평      , 평론",논평
놀랍다,"경이롭다 , 신기하다",놀랍
놀리다,조롱하다,놀리
놀이공원,"놀이동산, 유원지; 게임",놀이
놈놈,녀석,놈
농가,"농사 , 농삿집 , 농갓집",농가
농민,농부,농민
농부,농사꾼,농부
농사,농사일,농사
농사일,농사,농사일
농악,풍물놀이,농악
농작물,작물,농작물
농장,농원,농장
높아지다,거세지다; 거세지다,높
높이다,올리다; 올리다; 올리다,높이
높임말,존댓말,높임말
높임법,경어법,높임법
놓아두다,내려놓다,놓아두
놓이다,안심되다; 처하다,놓이
뇌,"두뇌, 골",뇌
뇌물,상납금; 상납금,뇌물
누다,싸다,누
누리다,만끽하다; 즐기다/만끽하다/감상하다,누리
누출,누설; 누설,누출
눈가,눈언저리,눈가
눈감다,"숨지다    , 죽다; 덮다, 봐주다",눈감
눈길,시선,눈길
눈꺼풀,눈까풀,눈꺼풀
눈동자,동공,눈동자
눈뜨다,"깨다, 일어나다",눈뜨
눈물겹다,"가엾다, 감동스럽다   , 서글프다 , 슬프다    , 처량하다",눈물겹
눈부시다,"빛나다, 환하다; 빛나다, 환하다; 휘황찬란하다/현혹적",눈부시
눈빛,안광,눈빛
눈앞,목전; 목전,눈앞
눈여겨보다,"주목하다 , 주시하다; 주목하다/관심을 갖다/유의하다/주의를 기울이다",눈여겨보
눈초리,"눈꼬리; 눈총, 눈길, 시선",눈초리
눈총,눈살,눈총
눈치,"기미    , 낌새; 알아채다; 재기/재치/돈지",눈치
눌리다,깔리다,눌리
눕히다,누이다,눕히
뉘우치다,"반성하다, 후회하다; 후회하다/반성하다/유감하다/원통하다",뉘우치
느끼하다,"느글느글하다, 메스껍다",느끼
느닷없이,"갑자기        , 난데없이     , 별안간",느닷없이
느슨하다,헐겁다; 헐렁하다/헐겁다,느슨
늑대,이리,늑대
늘리다,"확대하다, 확장하다; 증대하다; 키우다; 증대하다",늘리
늘어나다,"많아지다, 증가하다",늘어나
늘어뜨리다,늘어트리다,늘어뜨리
늘어지다,"처지다; 너부러지다, 퍼지다",늘어지
늠름하다,"당당하다, 씩씩하다, 의젓하다",늠름
능동적∙능동적,"자발적, 자발적",능동
능률,효과; 효율/효과/효능율,능률
능숙하다,"능란하다, 능수능란하다, 능통하다, 잘하다; 익숙하다",능숙
능통하다,"능란하다, 능수능란하다, 능숙하다; 능숙하다/숙달되다/통달하",능통
능하다,"능란하다 , 능수능란하다         , 능숙하다 , 능통하다",능하
늦가을,만추,늦가을
늦추다,"미루다, 연기하다; 풀다",늦추
다가가다,"다가서다 , 접근하다",다가가
다가서다,"다가가다 , 접근하다",다가서
다가오다,"접근하다; 임박하다 , 접어들다",다가오
다국적,글로벌,다국적
다그치다,"재촉하다; 당도하다, 닿다, 도착하다, 이르다; 이르다; 각오; 끝내다; 종용하다/재촉하다/촉구하다; 달하다/도달하다/이르다/닿다",다
다급하다,박절하다,다급
다듬다,고르다; 정리하다,다듬
다루다,"관리하다 , 처리하다; 사용하다; 이용하다",다루
다름없다,"같다       , 동일하다",다름없
다름없이,똑같이,다름없이
다만,"단지, 오직",다만
다물다,"닫다, 함구하다; 닥치다",다물
다발,묶음; 묶음,다발
다방,"카페, 커피숍; 카페; 커피숍",다방
다방면,다면,다방면
다소다소,"약간    , 조금; 약간/조금",다소
다수,"대다수     , 상당수",다수
다스리다,통치하다,다스리
다시금,재차; 또,다시
다운로드,내려받기,다운로드
다이아몬드,"금강석, 다이아",다이아몬드
다정,"사이좋다, 살갑다",다정
다지다,닦다,다지
다짜고짜,다짜고짜로; 무작정/무조건,다짜고짜
다채롭다,"다양하다, 컬러풀하다; 눈부시다/호화롭다/찬란하다",다채
다투다,싸우다; 겨루다; 싸우다,다투
다행,행,다행
단거리,근거리,단거리
단결,단합; 단합/결속/결합/일치/협동/단,단결
단계,"계단; 순차적, 순차적",단계
단골,단골손님,단골
단군,단군왕검,단군
단기,단기간,단기
단기간,단기,단기간
단념,"체념, 포기, 그만두다",단념
단단하다,굳세다,단단
단단히,견고히; 튼튼히,단단히
단독,"혼자, 혼자",단독
단돈,단,단돈
단락,일단락,단락
단란하다,화목하다,단란
단련,연마,단련
단말기,단말 장치,단말기
단번에,단숨에,단번에
단서,실마리; 실마리/열쇠,단서
단순히,간단히,단순히
단숨에,"한숨에, 단걸음에; 단번에",단숨에
단연,"단연코, 단연히; 단연히/단연코",단연
단절,절단; 절단하다/자르다/잘라 내다/끊다/동자르다,단절
단점,결점,단점
단정,"결단, 결정, 판단; 깨끗하다, 말끔하다",단정
단조롭다,단순하다; 변화가 없다,단조
단지,다만,단지
단체,"조합, 집단",단체
단합,단결,단합
단호하다,엄격하다,단호
달다,"붙이다; 설치하다; 재다; 요구하다; 이르다, 다다르다, 도달하다; 개월; 월월; 졸이다/조리다/졸다/졸아들다; 다다르다/이르다/도달하다/닿다",달
달라붙다,들붙다,달라붙
달라지다,"바뀌다    , 변하다; 변하다",달라지
달래다,"구슬리다 , 타이르다,; 가라앉히다, 진정시키다",달래
달러달러,불,달러
달려가다,뛰어가다; 뛰어가다; 뛰어가다,달려가
달려들다,덤벼들다,달려들
달리,특별히; 부착되다; 뛰다; 구구하다/다르다/이질적이다/분분하다/색다르다,달리
달빛,월광,달빛
달성,실현; 성공; 이루다/이룩하다/해내다/성취하다/쟁취하다,달성
달아나다,"도망가다, 도망치다; 사라지다  , 없어지다; 사라지다  , 없어지다",달아나
달아오르다,"뜨거워지다; 빨개지다; 고조되다, 무르익다",달아오르
달콤하다,"감미롭다, 달다; 감미롭다, 달다",달콤
닳다,"낡다, 오래되다",닳
담,담장; 넣다; 벽,담
담그다,넣다; 만들다,담그
담기다,어리다,담기
담담하다,"차분하다  , 평온하다; 차분하고 평온하다/덤덤하다",담담
담당,맡다,담당
담당자,담당,담당자
담백하다,담담하다,담백
담장,담,담장
답례,답인사,답례
답변,대답,답변
닷새,닷샛날,닷새
당,정당,당
당국,당사국,당국
당근,홍당무,당근
당기다,돋우다; 앞당기다,당기
당뇨병,당뇨,당뇨병
당당하다,떳떳하다; 떳떳하다,당당
당면,직면,당면
당부,"부탁, 신신당부; 부탁/요청/신청/청탁",당부
당분간당분간,"얼마간, 잠시, 잠시",당분간
당사자,본인,당사자
당선,입선,당선
당신,너,당신
당연하다,응당하다,당연
당연히,응당; 물론물론,당연히
당일,그날; 그날,당일
당장,바로       즉시,당장
당하다,처하다; 겪다; 입다,당하
당혹,당황,당혹
당황,당혹,당황
닿다,접촉하다; 전달되다,닿
대대,개비; 세대,대대
대가,"대금; 보상    , 보수",대가
대강대강,"대체로, 대충, 대략",대강대강
대개대개,"대부분, 대부분, 대체로; 대부분대부분",대개
대견하다,"기특하다, 대견스럽다",대견
대결,겨루기,대결
대금,"값, 대가, 대료",대금
대기,기다리다,대기
대꾸,말대꾸,대꾸
대나무,대,대나무
대낮,백주,대낮
대다,"맞추다; 세우다; 둘러대다  , 말하다; 대보름날",대
대다수,대부분,대다수
대단하다,"심하다; 굉장하다, 놀랍다, 상당하다",대단
대단히,몹시,대단히
대담,대화; 담대하다; 대화,대담
대대로,대대,대대로
대대손손,"자자손손, 자손만대",대대손손
대들다,받다,대들
대등,"동등, 같다",대등
대뜸,갑자기,대뜸
대략대략,"대체로, 대충, 대강; 개략적, 개략적; 약",대략
대로,큰길,대로
대륙,"내륙        , 육지",대륙
대리,대행,대리
대립,대치,대립
대머리,민머리,대머리
대변,"똥, 변",대변
대본,"각본, 시나리오",대본
대비,"비교; 대책, 준비; 비교; 준비하다/대처하다",대비
대수롭다,"대단하다 , 중요하다",대수롭
대안,"대비책, 대응책, 대책",대안
대양,"바다, 해양",대양
대여,"대출, 임대, 빌려주다",대여
대우,처우,대우
대응,"대비, 대처; 상응; 응하다/일치하다/부합하다/해당되다",대응
대장,큰창자,대장
대접,대우,대접
대조,비교; 대비,대조
대중가요,"가요; 통속적, 통속적; 가요",대중
대책,"대비책     , 방안",대책
대체대체,도대체; 교체; 교체하다/대신하다/대용하다,대체
대체로,"대충, 대강, 대략; 대개",대체로
대출,"대여, 빌리다",대출
대충,"대체로, 대강, 대략",대충
대폭대폭,많이,대폭
대표,대표자,대표
대피,피신,대피
대하다,마주하다; 대우하다; 관하다,대하
대한민국,한국; 한국,대한민국
대항,"저항, 맞서다",대항
대형차,대형 자동차,대형차
댐,"둑          , 방죽       , 제방",댐
댓글,답글,댓글
더구나,더군다나,더구나
더군다나,더구나; 더구나/더더군다나,더군다나
더더욱,"더욱더    , 점점",더더욱
더듬거리다,"더듬대다, 더듬더듬하다",더듬거리
더듬다,"더듬거리다         , 더듬대다, 더듬더듬하다; 회상하다; 손으로 feel (around) / retrace (one's memory) (기억하다",더듬
더디다,느리다,더디
더러,"간혹, 이따금",더러
더럽히다,실추하다,더럽히
더미,뭉치,더미
더없이,매우,더없이
더욱더,"더더욱    , 더욱이",더욱더
더욱이,더욱더,더욱이
더하다,"보태다      , 추가하다; 보태다      , 추가하다",더
덕,덕분; 덕분,덕
덕택,덕분,덕택
덜다,"빼다; 줄이다    , 지우다",덜
덜렁대다,덜렁거리다,덜렁대
덤,"서비스, 추가; 서비스",덤
덤비다,대들다,덤비
덥히다,녹이다,덥히
덧붙이다,부연하다,덧붙이
덩어리,"더미       , 뭉치",덩어리
덩치,몸집,덩치
덮다,"씌우다; 닫다; 감추다    , 숨기다",덮
덮치다,밀어닥치다,덮치
데,"곳, 장소; 것            , 일; 경우; 곳",데
데모,"시위, 시위운동",데모
데우다,가열하다,데우
도,정도; 도청,도
도구,"기구    , 연장; 수단",도구
도달,당도; 도착; 달하다,도달
도대체,"대관절, 대체; 당최        , 도무지      , 도저히",도대체
도덕,"도       , 윤리; 윤리적",도덕
도둑,도적,도둑
도로,다시; 다시; 길,도로
도리,본분; 방도,도리
도리어,오히려; 오히려/반대로/차라리,도리어
도망,도주,도망
도망가다,도망치다,도망가
도망치다,도망가다,도망치
도맡다,담당하다,도맡
도모,꾀하다; 촉진시키다/육성하다/장려하,도모
도무지,도통; 도통; 도대체/도저히,도무지
도박,노름,도박
도보,보행,도보
도서,책,도서
도약,뛰어오르다,도약
도장,"인장, 인",도장
도저히,통; 도대체/도무지/도통,도저히
도전,모험,도전
도중,중도; 중간,도중
도처,"곳곳, 여기저기",도처
도표,그림표,도표
도피,"도망, 도주",도피
독,독약,독
독감,유행성감기,독감
독립,자립; 자주,독립
독방,독실,독방
독사,독뱀,독사
독신,싱글,독신
독일어,독어,독일어
독재,독재 정치,독재
독점,독차지,독점
독특하다,특이하다,독특
돈독하다,두텁다,돈독
돋우다,부추기다,돋우
돌려받다,찾다,돌려받
돌려보내다,반환하다,돌려보내
돌멩이,돌; 돌,돌멩이
돌보다,보살피다; 돌아보다; 보다,돌
돌아다니다,배회하다,돌아다니
돌아서다,토라지다,돌아서
돌파,경신하다; 뚫다,돌파
동,동쪽; 동사무소,동
동감,공감,동감
동그라미,원,동그라미
동그랗다,동글다,동그랗
동기,동기생; 형제,동기
동등,"마찬가지, 똑같다",동등
동문,"동창, 동학",동문
동반,동행,동반
동요,흔들리다; 흔들리다,동요
동의,찬성,동의
동일,같다; 같다; 똑같다,동일
동작,움직이다; 몸짓/움직임,동작
동정,연민,동정
동참,참여,동참
동창,"동문, 동학",동창
동창회,동문회,동창회
동포,"교민, 교포",동포
동행,동반,동행
동향,경향; 동정/흐름/추세/경향/유행,동향
동화책,동화집,동화책
되게,된통,되게
되뇌다,반복하다; 가급적,되
되돌리다,회귀하다; 반환하다,되돌리
되돌아보다,회상하다,되돌아보
되묻다,반문하다,되묻
되살아나다,"부활하다, 회생하다",되살아나
되새기다,"곱씹다 , 되씹다, 되새김질하다; 돌이켜 생각하다/회상하다",되새기
되풀이,반복,되풀이
된소리,경음,된소리
두근거리다,"두근대다, 두근두근하다",두근거리
두뇌,뇌; 머리,두뇌
두드러지다,"돋보이다, 현저하다; 드러나다/돋보이다/띄다/튀다/부각되다",두드러지
두드리다,치다,두드리
두들기다,두드리다,두들기
두려움,"공포, 무서움",두려움
두려워하다,"겁내다, 무서워하다",두려워
두렵다,"겁나다, 무섭다",두렵
두루,"골고루, 빠짐없이",두루
두르다,에워싸다; 매다,두르
두리번거리다,"두리번대다, 두리번두리번하다",두리번거리
두텁다,"깊다, 돈독하다",두텁
두툼하다,두껍다; 두껍다; 두껍다/도톰하다/넉넉하다,두툼
둔하다,"굼뜨다, 미련하다",둔하
둘러보다,살펴보다,둘러보
둘러싸다,"에워싸다, 포위하다; 관련되다; 에워싸다",둘러싸
둥그렇다,둥글다,둥그렇
둥글다,둥그렇다,둥글
둥지,보금자리,둥지
뒤돌아보다,회상하다,뒤돌아보
뒤따르다,좇아가다; 따라오다,뒤따르
뒤떨어지다,"낙오되다, 뒤처지다",뒤떨어지
뒤바뀌다,도치되다,뒤바뀌
뒤섞이다,엉키다,뒤섞이
뒤엉키다,뒤얽히다; 얽히다,뒤엉키
뒤엎다,뒤집어엎다; 뒤집어엎다,뒤엎
뒤적이다,뒤지다; 다음,뒤
뒤죽박죽,"난장판, 엉망",뒤죽박죽
뒤지다,뒤서다; 수색하다; 수색하다; 찾아보다; 뒤적거리다/뒤져내다,뒤지
뒤집다,"뒤바꾸다; 번복하다, 엎다",뒤집
뒤집어쓰다,둘러쓰다,뒤집어쓰
뒤집히다,뒤바뀌다,뒤집히
뒤쫓다,"쫓아가다, 추적하다",뒤쫓
뒤처지다,"낙오되다, 뒤떨어지다",뒤처지
뒤통수,"뒷골, 뒷머리",뒤통수
뒤틀리다,비틀어지다; 꼬이다,뒤틀리
뒤편,뒤편짝,뒤편
뒷문,후문,뒷문
뒷바라지,"뒤치다꺼리, 치다꺼리",뒷바라지
뒷받침,지원; 뒷바라지/지지,뒷받침
뒷일,"후사, 훗일",뒷일
드나들다,나들다; 나들다; 출입; 자주 가다/출입하다,드나들
드라이,드라이클리닝,드라이
드라이클리닝,드라이,드라이클리닝
드러나다,나타나다; 나타나다; 나다/노출되다/두드러지다:가려 있거나 보이지 않던 것이 보이게 되다 2. 알려지지 않은 사실이 널리 밝혀지다 3.겉에 나타나 있거나 눈에 띄다,드러나
드러내다,"보이다, 내보이다",드러내
드물다,"적다, 희귀하다",드물
드세다,"강하다, 거칠다",드세
든든하다,믿음직스럽다,든든
들,"들판, 평야; 받아들이다; 마시다; 마시다; 먹다; 흡입하다/빨아들이다/들이쉬다",들
들끓다,뒤끓다,들끓
들뜨다,부풀다; 흥분하다/들썽거리다/떨어지다/융기하다: 1. 마음이나 분위기가 가라앉지 아니하고 조금 흥분되다 2. 단단한 데에 붙은 얇은 것이 떨어져 틈이 벌어지며 일어나다,들뜨
들락거리다,"들락대다, 들랑거리다, 들랑대다",들락거리
들락날락하다,들랑날랑하다,들락날락
들리다,걸리다,들리
들썩이다,"들썩거리다, 들썩대다, 들썩하다",들썩이
들어맞다,"부합하다, 해당되다",들어맞
들어서다,진입하다; 접어들다; 들어오다,들어서
들여놓다,들놓다,들여놓
들여다보다,"살펴보다, 관찰하다",들여다보
들여오다,가져오다,들여오
들이다,맞다,들이
들이닥치다,"몰려오다, 밀려들다; 몰려오다/밀려들다/복대기다: 갑자기 바싹 다다르다",들이닥치
들추다,"끄집어내다, 파헤치다; 끄집어내다",들추
들키다,"걸리다, 드러나다, 발각되다; 걸리다, 드러나다, 발각되다; 박각되다/걸리다/드러나다/들통 나다",들키
듬뿍,듬뿍이,듬뿍
등등,위,등등
등,"따위, 들",등
"등급, 등급",등위,등급
등반,"등산, 등정; 등산",등반
등산복,등산옷,등산복
등장,"출현, 나오다, 나타나다; 나타나다; 나타나다/나오다",등장
등재,"게재, 싣다; 기록하다/등록하다",등재
등지다,틀어지다,등지
따갑다,"쓰리다, 아프다",따갑
따돌림,왕따,따돌림
따라가다,좇아가다; 답습하다,따라가
따라다니다,쫓아다니다,따라다니
따라서,"그러므로, 그래서",따라서
따라오다,쫓아오다,따라오
따라잡다,추월하다,따라잡
따로따로,각각; 각각각각,따로따로
따르다,쫓다; 붓다; 지키다,따르
따위,"들, 등",따위
따지다,"가려내다, 밝히다, 추궁하다; 계산하다; 캐묻다",따지
딱하다,"안쓰럽다, 애처롭다",딱
딱히,마땅히,딱히
딴,다른; 다른,딴
땅바닥,지면,땅
땅속,지하,땅속
때,"더러움, 얼룩; 지피다, 태우다; 기회",때
때때로,간간이,때때로
때로,"가끔, 간혹",때로
때리다,치다; 치다,때리
때우다,메우다,때우
떠넘기다,미루다,떠넘기
떠다니다,표류하다; 표류하다,떠다니
떠돌다,유랑하다,떠돌
떠돌아다니다,방랑하다,떠돌아다니
"떠들썩하다, 떠들썩하다","시끄럽다, 어수선하다",떠들썩
떠맡다,안다,떠맡
떠오르다,"솟아오르다; 생각나다, 연상되다; 기억나다; 생각나다",떠오르
떠올리다,생각하다,떠올리
떨구다,"떨어뜨리다, 떨어트리다",떨구
떨다,"전율하다; 후들거리다, 후들대다",떨
떨리다,"후들거리다, 후들대다",떨리
떨어뜨리다,"떨구다, 떨어트리다; 떨구다, 떨어트리다; 떨구다, 떨어트리다",떨어뜨리
떨치다,떨구다; 뿌리치다: 세게 흔들어서 떨어지게 하다 2. 불길한 생각이나 명예 욕심 따위를 완강하게 버리,떨치
떳떳하다,당당하다; 당당하다/고귀하다/의연하다/명예롭다,떳떳
떼,"무더기, 집단; 끊다; 발급하다; 뜯다/벗기다/덜다",떼
또다시,재차; 다시,또
또렷하다,분명하다; 분명하다,또렷
또한,역시; 역시,또한
똑,꼭,똑
똑똑히,분명히,똑똑히
똥,대변,똥
뚜껑,덮개,뚜껑
뚜렷이,역력히,뚜렷이
뚜렷하다,역력하다,뚜렷
뛰다,점프하다; 두근두근하다; 오르다; 달리기; 달리다,뛰
뛰어나다,"남다르다, 빼어나다, 우수하다; 훌륭하다",뛰어나
뛰어넘다,초월하다; 건너뛰다,뛰어넘
뛰어놀다,뛰놀다,뛰어놀
뜨다,"떠오르다, 솟다; 떠나다; 날다",뜨
뜨이다,들어오다,뜨이
뜯다,"개봉하다, 떼다; 따다",뜯
뜯어내다,떼다,뜯어내
뜰,"마당, 정원; 마당; 정원",뜰
뜸하다,드물다,뜸
뜻밖,의외,뜻밖
뜻밖에,의외로; 의미,뜻
띠다,두르다; 가지다; 나타내다; 가지다,띠
라켓,채,라켓
렌즈,콘택트렌즈,렌즈
로맨틱,낭만적,로맨틱
로봇,인조인간,로봇
마감,마무리; 데드라인; 기일/기한/시한,마감
마구,되는대로; 되는대로; 막,마구
마누라,"부인, 아내",마누라
마다하다,거절하다; 거절하다,마다
마땅하다,"어울리다, 적합하다; 어울리다, 적합하다",마땅
마땅히,응당; 응당,마땅히
마라톤,마라톤 경주,마라톤
마련마련,"장만, 준비",마련
마비,정지,마비
마사지,안마,마사지
마음껏,실컷,마음껏
마음대로,"멋대로, 실컷; 결심하다, 작정하다; 가슴",마음
마음속,"가슴속, 심중, 염두, 의중",마음속
마음씨,심정,마음씨
마이크,마이크로폰,마이크
마저,"전부, 죄다",마저
마주치다,부딪치다; 맞닥뜨리다; 부딪치다,마주치
마지못하다,부득이하다,마지못하
마찬가지,"동등, 매한가지",마찬가지
마찰,"부딪히다; 충돌, 부딪히다; 분쟁/충돌/알력",마찰
마침내,끝내,마침내
막강,강력하다,막강
막다,"가리다; 가리다, 차단하다",막
막대하다,심대하다 지대하다; 광대하다/거대하다,막대
막론하다,불문하다,막론
막막하다,아득하다; 삭막하다/황량하다/넓다/삭연하다 /아득하다,막막
막바지,"끝, 마지막",막바지
막연하다,막막하다; 아득하다,막연
막연히,아득히,막연히
막중하다,"대단하다, 중요하다",막중
만끽,"누리다, 즐기다; 즐기다/누리다",만끽
만만하다,"우습다, 하찮다",만만
만병,백병,만병
만연,"유행, 확산, 퍼지다; 유행하다/성행하다",만연
만족,"충족, 흡족; 만족하다",만족
많아지다,"늘어나다, 불어나다, 증가하다; 늘다; 늘다",많
맏이,첫째,맏이
맏형,큰형,맏형
말기,만기,말기
말끔히,깨끗이,말끔히
말끝,말꼬리,말끝
말다,감다,말다
말다툼,"말싸움, 설전, 언쟁, 입씨름",말다툼
말리다,만류하다; 건조시키다,말리
말미암다,기인하다; 관계되다/기인하다,말미암
말솜씨,"말재주 , 말주변, 언변",말
말없이,"가만히, 잠자코",말없이
말재주,"말솜씨, 말재간, 말주변, 언변, 화술",말재주
말투,어투,말투
맘껏,진탕; 양껏/실컥,맘껏
맘대로,"멋대로, 실컷",맘
망가지다,파손되다,망가지
망설이다,"머뭇거리다, 머뭇대다, 머뭇머뭇하다, 머뭇하다, 주저하다",망설
망신,"수모, 창피; 무안/오욕/치욕",망신
망원경,"만리경, 천리경",망원경
망치다,"망가뜨리다, 잡치다",망치
맞다,"맞이하다; 맞이하다; 받다; 들이다, 맞이하다; 어울리다; 옳다",맞
맞먹다,엇비슷하다; 대등하다,맞먹
맞서다,"대립하다, 대적하다; 대들다/맞붙다",맞서
맞아떨어지다,일치하다,맞아떨어지
맞은편,맞은쪽; 건너편,맞은편
맞이하다,맞다; 맞다,맞이
맞춤,맞추다,맞춤
맞춤법,"정서법, 철자법",맞춤법
맞히다,맞추다; 맞추다,맞히
맡기다,"부탁하다, 의뢰하다, 일임하다",맡기
맡다,맡아보다; 담당하다; 보관하다; 차지하다; 받다,맡
매,각; 장,매
매기다,정하다; 매다,매기
매끄럽다,"매끈하다, 부드럽다",매끄럽
매달다,걸다,매달
매료,"매혹, 홀리다; 매혹되다/사로잡다",매료
매매,매수,매매
매번매번,번번이,매번
매섭다,냉혹하다,매섭
매입,"구매, 구입, 매수, 사다, 사들이다",매입
매장,추방,매장
매점,가게,매점
매진,"품절; 노력, 주력, 힘쓰다",매진
매출,판매; 판매/영업/매상,매출
매콤하다,맵다,매콤
맥,"기운, 힘",맥
맥락,맥; 문맥/문리,맥락
맥박,맥,맥박
맨손,"백수,; 빈손",맨
맵시,태,맵시
맹렬하다,"드세다, 사납다",맹렬
맹세,"다짐, 서약",맹세
머리기사,"톱, 톱기사",머리기사
머리칼,"머리, 모발",머리칼
머무르다,"숙박하다, 지내다, 체류하다; 멈추다",머무르
머물다,"숙박하다, 지내다, 체류하다; 거주하다/기거하다",머물
머뭇거리다,"머뭇대다, 머뭇머뭇하다; 망설이다",머뭇거리
머지않다,가깝다,머지않
먹구름,먹장구름,먹구름
멀쩡하다,"성하다, 온전하다; 성하다, 온전하다",멀쩡
멋대로,마음대로,멋대로
멋스럽다,"멋있다, 멋지다; 멋있다",멋
멋지다,멋있다,멋지
멍청하다,"미련하다, 어리석다",멍청
멍하다,"망연하다, 얼떨떨하다",멍
멎다,멈추다,멎
메뉴판,"메뉴, 차림표; 메뉴",메뉴판
메다,막히다,메다
메마르다,척박하다; 건조하다/척박하다/토박하다,메마르
메우다,메꾸다; 채우다,메우
멜로디,"가락, 선율",멜로디
며느리,새아기,며느리
면,"방면, 부분, 측면; 국수; 모면하다, 피하다; 모면하다, 피하다; 국수; 피하다",면
면담,상담,면담
면도,면도칼,면도
면모,면목; 측면/양상/단면,면모
면역,저항력,면역
면적,넓이,면적
면접,면접시험; 면접,면접
면제,면책; 해제하다/해면하다/면책하다,면제
멸망,"몰락, 종말; 몰락하다/쇠하다/멸하다/망하다",멸망
명단,"리스트, 명부",명단
명당,명당자리,명당
명랑,쾌활하다,명랑
명령,명,명령
명목,"명분, 명색; 구실/명칭/명색",명목
명백하다,"분명하다, 확실하다",명백
명백히,"분명히, 확실히",명백히
명분,"명목, 명색, 이름",명분
명성,명망; 명예/평판/명망/정평,명성
명승지,"명승, 경승지",명승지
명심,"유념, 새기다; 유념하다/새기다",명심
명예,이름,명예
명중,적중,명중
명칭,이름; 이름/성함/호칭/명목,명칭
명확하다,"분명하다, 확실하다",명확
명확히,"분명히, 확실히",명확히
모모,아무개,모모
모국어,모어,모국어
모델,패션모델,모델
모발,"머리카락, 머리털",모발
모방,흉내; 답습하다/본뜨다,모방
모범,"귀감, 본보기; 본보기/귀감",모범
모색,찾다; 찾다/타협을/살길을/해결책을,모색
모서리,귀퉁이,모서리
모순,아이러니; 당착/상충,모순
모욕,"모멸, 수모",모욕
모유,어미젖,모유
모음,홀소리,모음
모조리,남김없이; 모....모든/다,모조리
모질다,"악독하다, 잔인하다",모질
모집,"공모, 선발, 뽑다",모집
모처럼,일껏; 오랜만에,모처럼
모친,어머니,모친
모퉁이,코너,모퉁이
모티브,모티프,모티브
모호하다,"불분명하다, 애매하다",모호
목,목요일; 목요일,목
목격,보다,목격
목구멍,목,목구멍
목덜미,덜미,목덜미
목돈,뭉칫돈,목돈
목록,리스트,목록
목마르다,"갈구하다, 갈망하다",목마르
목사,목자,목사
목숨,명,목숨
목재,나무,목재
목적지,행선지,목적지
목표,"목적, 취지; 목적",목표
몫,책임; 역할/책임,몫
몰다,"운전하다, 끌다; 모함하다; 몰아가다, 몰아넣다",몰
몰두하다,골몰하다; 몰입하다,몰두
몰락,멸망,몰락
몰래,남몰래,몰래
몰려들다,"들이닥치다, 몰려오다; 몰려오다",몰려들
몰려오다,"들이닥치다, 몰려들다",몰려오
몰리다,"쏠리다, 쫓기다; 한쪽으로 밀리다",몰리
몰아내다,"내몰다, 내쫓다, 밀어내다, 쫓아내다, 추방하다",몰아내
몰아붙이다,밀어붙이다,몰아붙이
몰입,"몰두, 열중; 집중하다/몰두하다/열중하다",몰입
몸무게,체중,몸무게
몸집,"덩치, 체구",몸집
몸짓,동작,몸짓
몸통,체구,몸통
몹시,대단히,몹시
못나다,못생기다; 못생기다,못나
못되다,나쁘다; 불만스럽다; 안; 언짢다/불쾌하다/앙앙하다,못
몽땅,"모두, 전부",몽땅
묘,"무덤, 산소",묘
묘사,"기술, 서술, 그리다",묘사
묘지,무덤,묘지
묘하다,"기묘하다, 미묘하다, 신기하다, 오묘하다",묘하
무관심,무감각; 무조건/다짜고짜,무
무관하다,무관계하다,무관
무궁무진,무한,무궁무진
무기,병기,무기
무난하다,"수수하다; 무던하다, 원만하다",무난
무너뜨리다,무너트리다,무너뜨리
무너지다,"붕괴되다, 허물어지다; 허물어지다",무너지
무늬,문양; 문양,무늬
무더기,더미,무더기
무더위,"폭염, 한더위",무더위
무덤,"묘지, 분묘",무덤
무덥다,"후덥지근하다, 후텁지근하다",무덥
무뚝뚝하다,뚝뚝하다,무뚝뚝
무렵,"나절, 녘",무렵
무례,"결례, 실례, 버릇없다",무례
무료하다,"심심하다 , 지루하다; 심심하다; 심심하다/지루하다/재미없다/지겹다/따분하다",무료
무르익다,농익다; 농익다/성숙하다,무르익
무릅쓰다,"견디다, 인내하다, 참다",무릅쓰
무리,"과도, 부담, 억지",무리
무모하다,터무니없다; 무분별하다/맹목적인/난폭한/어리석,무모
무병장수,무병장생,무병장수
무분별,맹목적; 몰지각하다/방정맞다/생각이 짧다,무분별
무사히,무고히,무사히
무상,"공짜, 무료",무상
무서워하다,"겁내다, 두려워하다",무서워
무성하다,"번성하다, 우거지다, 울창하다",무성
무소식,"감감소식, 깜깜소식",무소식
무수하다,수없다; 많다; 무궁무진하다/수없다,무수
무수히,수없이,무수히
무술,무예,무술
무시무시하다,살벌하다,무시무시
무식,무지,무식
무심코,그저,무심코
무역,"교역, 수출입",무역
무용,"댄스, 춤",무용
무용지물,쓰레기,무용지물
무조건무조건,"무작정, 무작정, 무턱대고; 무작정/무턱대",무조건
무한,무한정; 무굴무진하다/한없다,무한
무효,"실효, 헛되다",무효
묵념,묵도,묵념
묵다,오래되다; 머무르다,묵
묵직하다,무겁다,묵직
묵히다,썩히다; 방치하다/썩히다,묵히
묶다,매다; 매다; 매다,묶
문구,글귀,문구
문구점,문방구,문구점
문단,문학계,문단
문득,갑자기,문득
문방구,"문구점, 문방구점",문방구
문병,병문안; 병문안,문병
문상,조문,문상
문서,서류; 서류,문서
문의,묻다; 물어보다,문의
문자,글자,문자
문학,문예,문학
문헌,"기록, 문서",문헌
묻다,붙다; 파묻다,묻
묻히다,바르다; 바르다; 찍다,묻히
물가,"강가, 강변; 시가, 시세",물가
물감,그림물감,물감
물기,수분,물기
물끄러미,멀거니; 멍하니/우두커니/하염없이/멀거니:우두커니 한곳만 바라보는 모양.,물끄러미
물들이다,염색하다; 묻다,물
물러가다,"물러서다, 후퇴하다",물러가
물러나다,물러서다; 사직하다; 사직하다/사임하다/사퇴하다/퇴사하다,물러나
물러서다,물러나다; 사직하다,물러서
물려받다,"계승하다, 이어받다",물려받
물려주다,"남기다, 대물리다, 상속하다, 전수하다, 전승하다; 남기다",물려주
물리다,환불하다,물리
물리치다,쓰러뜨리다; 이기다/패배시키다,물리치
물속,수중,물속
물음,"질문, 질의",물음
물자,"물품, 자원",물자
물품,"물건, 제품; 물건",물품
뭉치다,모이다; 결집하다/연합하다,뭉치
미각,미감,미각
미끄럽다,미끌미끌하다,미끄럽
미남,미남자,미남
미녀,미인,미녀
미니,소형,미니
미달,미만,미달
미디어,"매개체, 매체",미디어
미루다,물리다,미루
미만,미달,미만
미묘하다,묘하다,미묘
미성년자,미성년,미성년자
미숙하다,서투르다,미숙
미약하다,"나약하다, 미미하다, 약하다, 힘없다",미약
미용,미장,미용
미움,"증오, 혐오",미움
미인,"미녀, 가인",미인
미장원,미용실; 미용실,미장원
미지근하다,미적지근하다; 미적지근하다,미지근
미처,"아직, 채; 아직 거기까지 미치도록.",미처
미치다,"실성하다; 몰두하다, 몰입하다, 열광하다, 홀리다; 다다르다, 달하다, 이르다; 끼치다, 작용하다",미치
미흡하다,"부족하다, 불만족스럽다; 부족하다",미흡
민감하다,"날카롭다, 예민하다",민감
민속,풍속,민속
민족,"겨레, 동족",민족
민족주의,내셔널리즘,민족주의
민주화,민주주의화,민주
민첩하다,"날쌔다, 재빠르다; 잽싸다/기민하다/재빠르다",민첩
믿음,"신뢰, 신용",믿음
믿음직스럽다,듬직하다,믿음직
밀려들다,"들이닥치다, 밀려오다, 몰려오다",밀려들
밀려오다,"밀려들다, 몰려오다",밀려오
밀리다,쌓이다,밀리
밀림,정글,밀림
밀어붙이다,"몰아넣다, 몰아붙이다; 밀다/떠밀다/밀어내다",밀어붙이
밀어주다,지지하다; 지원하다,밀어주
밉다,싫다; 싫다,밉
및,"그리고, 또",및
밑바닥,"기저, 밑",밑바닥
밑창,밑바닥,밑창
바늘,"분침, 시침, 초침",바늘
바닷물,해수,바닷물
바라다보다,바라보다; 바라보다,바라다보
바람,"기대, 소망, 염원, 희망",바람
바람직하다,바람직스럽다; 옳다,바람직
바래다,"낡다, 변하다, 빠지다",바래다
바래다주다,배웅하다,바래다주
바로잡다,고치다; 고치다; 고치다; 개수하다/개정하다,바로
바르다,"정하다; 곧다, 방정하다; 맞다; 붙이다",바르다
바보,"등신, 멍청이",바보
바삐,속히,바삐
바싹,"가까이, 바짝; 바짝",바싹
바자회,바자,바자회
바짝,바싹,바짝
바치다,주다; 주다,바치
바퀴벌레,바퀴,바퀴벌레
바탕,기반; 토대/기초/기본,바탕
박다,"넣다, 꽂다",박다
박스,상자; 상자; 상자; 상자,박스
박자,템포,박자
박탈,"몰수, 빼앗다; 빼앗다",박탈
박히다,꽂히다,박히
반감,반발심,반감
반값,반액,반값
반기다,반가워하다,반기
반나절,한나절,반나절
반납,"반환, 돌려주다",반납
반대말,반의어,반대말
반듯하다,바르다,반듯
반론,"반박, 이의",반론
반말,낮춤말,반말
반목,갈등,반목
반문,되묻다,반문
반박,논박; 논박하다,반박
반반,절반,반반
반복,되풀이,반복
반성,"고찰, 성찰, 숙고",반성
반응,응답,반응
반짝거리다,"반짝대다, 반짝이다, 반짝반짝하다",반짝거리
반짝반짝,"반짝대다, 반짝반짝하다",반짝반짝
반짝이다,"반짝거리다, 반짝대다, 반짝반짝하다",반짝이
반칙,파울,반칙
반팔,반소매,반팔
반품,무르다,반품
반하다,반대되다,반
반항,"저항, 대들다; 저항하다/거역하다/불응하다/항거하다",반항
받들다,"공경하다, 모시다, 존경하다, 추대하다",받들
받아들이다,"흡수하다; 맞다, 맞아들이다",받아들이
받침,받침대; 종성,받침
발걸음,걸음; 걸음,발걸음
발급,발부,발급
발길,왕래,발길
발꿈치,발뒤꿈치,발꿈치
발끝,발뒤꿈치,발끝
발단,시작,발단
발달,"성장, 자라다; 발전, 진보",발달
발돋움,돋움,발돋움
발등,발잔등,발등
발명,"개발, 고안, 창안",발명
발명가,발명자,발명가
발상,아이디어; 아이디어/사고방식,발상
발생,"생성, 생기다; 생기다; 일어나다",발생
발신자,발신인,발신자
발언,"진술, 말하다",발언
발음,발성,발음
발자국,자국; 발짝,발자국
발전,"발달, 번영, 성장",발전
발짝,발자국,발짝
발행,"간행, 발간, 출간, 출판, 펴내다",발행
밝히다,"내보이다, 진술하다",밝
밟다,누르다; 거치다,밟
밤낮밤낮,"주야; 밤낮, 불철주야",밤낮
밤중,야간,밤중
밥그릇,"일자리, 직장",밥그릇
밥맛,"식욕, 입맛",밥맛
밥벌이,벌다,밥벌이
밧줄,로프,밧줄
방망이,몽둥이,방망이
방면,"부문, 분야, 면, 측면; 방향",방면
방송사,방송국; 방송국,방송사
방식,"방법, 형식; 방법",방식
방안,방책; 방법/방침/대책,방안
방어,"수비, 디펜스, 막다; 변호/비위/방비",방어
방언,사투리,방언
방영,"상영, 방송; 방송",방영
방지,"예방, 막다; 예방하다/막다",방지
방청객,방청인,방청객
방치,"방관, 좌시; 방관하다/방기하다",방치
방침,"방안, 버려두다; 방안/주의",방침
방해,"장애, 저해",방해
방황,"방랑, 헤매다",방황
배경,"뒷배경, 후경; 후경; 이력/바탕",배경
배고프다,"출출하다, 허기지다",배고프
배다,"들다, 스며들다, 스미다",배
배부르다,부르다; 임신하다,배부르
배상,보상,배상
배설,"배출, 분비, 내보내다, 싸다",배설
배신,"배반, 저버리다",배신
배역,역할,배역
배열,배치,배열
배우자,"반려자, 배필; 짝",배우자
배웅,"송별, 바래다주다",배웅
배제,"배격, 배타, 배척; 제외하다/배척하다",배제
배출,"방출, 배기, 배설, 분비, 내보내다; 낳다; 내다/내뿜다/발산하다/방출하다",배출
배치,"배정, 안배; 배열하다/정리하다:사람이나 물자 따위를 일정한 자리에 알맞게 나누어 두다",배치
배터리,건전지,배터리
배포,"배달, 배부, 돌리다",배포
배회,"방황, 쏘다니다; 어슬렁거리다/얼쩡거리다:아무 목적도 없이 어떤 곳을 중심으로 어슬렁거리며 이리저리 돌아다니다.",배회
배후,막후,배후
백,가방; 가방,백
백성,국민,백성
백수,백수건달,백수
뱃속,"내심, 마음속, 속마음, 속생각",뱃속
버릇없다,"거만하다, 건방지다, 막되다, 무례하다",버릇없
버티다,배기다; 인내하다/견디다/참다,버티
벅차다,힘겹다,벅차
번갈다,"교대하다, 교체하다; 교대로/돌림으로",번갈
번거롭다,"번잡하다, 복잡하다; 귀찮다, 성가시다; 복잡하다; 거추장스럽다/번잡하다",번거
번번이,"매양, 매번; 매번/늘",번번이
번성,"번영, 번창; 번영하다/번창하다",번성
번역,역,번역
번영,"번성, 번창; 번창/번성/발전",번영
번지다,"퍼지다; 퍼지다, 전염되다, 확산되다; 퍼지다, 확산되다; 퍼지다, 확산되다",번지
번창,"번성, 번영; 번영하다/번서아하다",번창
번화하다,번성하다,번화
벌,"처벌, 징계, 형벌",벌
벌겋다,"발갛다, 붉다, 뻘겋다",벌겋
벌금,벌과금,벌금
벌레,버러지,벌레
벌리다,넓히다,벌리
벌이다,일으키다; 일으키다; 사업/잔치/시위/술판/전쟁/말다툼 등을,벌이
벌판,"광야, 들, 들판",벌판
범위,"범주, 폭, 한계, 한도",범위
범인,범죄인,범인
범죄,"범법, 죄",범죄
범죄자,범죄인,범죄자
범주,"부류, 카테고리",범주
범하다,저지르다,범하
법,법; 법률,법
법규,"규범, 규칙, 법, 법률, 제도",법규
법률,법,법률
법안,법률안,법안
법원,재판소,법원
법정,재판정,법정
법칙,"규범, 원칙",법칙
벗,"동무, 친구",벗
벗기다,"열다, 제거하다",벗기
벗어나다,"빠져나오다, 탈출하다; 탈출하다, 탈피하다; 어긋나다; 어긋나다",벗어나
베다,받치다; 자르다,베다
베풀다,"벌이다, 열다; 주다",베풀
벨,"종, 초인종",벨
벨트,허리띠,벨트
벼락,벽력,벼락
벼르다,"결심하다, 다짐하다, 마음먹다",벼르
벽시계,괘종시계,벽시계
변,변두리,변
변경,"개정, 수정, 변화, 바꾸다; 바꾸다",변경
변기,변기통,변기
변덕스럽다,변덕맞다; 내치락들이치락하/요사스럽다/도섭스럽다/요망스럽다,변덕
변동,"움직임, 변천, 변화; 변천",변동
변두리,"가장자리, 교외, 근교, 시외, 외곽",변두리
변명,핑계,변명
변모,"변신, 변형, 변하다",변모
변변찮다,보잘것없다,변변찮
변수,"미지수, 변인",변수
변신,"변모, 변하다",변신
변천,"변화, 변이; 변동/변신/변경/변화",변천
변함없다,"같다, 불변하다, 한결같다",변함없
변형,"변모, 변환, 바뀌다",변형
변호,변론,변호
변화,변천,변화
별개,별도; 별거/별리/독특,별개
별것,별거,별것
별나다,"별다르다, 엉뚱하다, 유별나다",별나
별다르다,특별하다,별다르
별도,"별개, 추가; 다른 방면. 다른 용도",별도
별말씀,별소리,별
별명,별호,별명
별안간,"갑자기, 난데없이, 느닷없이, 순간",별안간
별의별,별별,별의별
병들다,"병나다, 앓다",병들
병상,병석,병상
병세,"증상, 증세",병세
병실,환자실,병실
보고,"신고, 통지, 통보, 알리다; 보고; 본보기; 만나다",보
보관,"간수, 간직",보관
보급,"전파, 확산; 흔해지다",보급
보너스,상여금,보너스
보답,보은,보답
보람,"긍지, 낙, 만족감",보람
보류,유보; 연기다/미루다:어떤 일이 당장 처리되지 아니하고 나중으로 미루어지다,보류
보름,보름날,보름
보름달,만월,보름달
보물,보화,보물
보배,보물,보배
보복,앙갚음,보복
보살피다,"돌보다, 뒷바라지하다",보살피
보상,"보수; 변상, 배상; 배상/변상/위로금; 벌충하다/배샹하다/물어주다/변상하다",보상
보상금,배상금,보상금
보수,"급료, 급여, 대가, 봉급, 임금",보수
보완,"보강, 보충; 추가되다/부가되다:모자라거나 부족한 것을 보충하여 완전하게 되다",보완
보유,"소유, 소지, 가지다; 소유하다/소지하다/보관하다/보전하다",보유
보육,"양육, 기르다",보육
보육원,고아원,보육원
보자기,보,보자기
보잘것없다,"볼품없다, 초라하다형편없다; 불품없다/사소하다/하찮다/시시하다",보잘것없
보장,"담보, 보증",보장
보전,"보존, 보호, 지키다",보전
보조,"도움, 조력, 협조",보조
보조금,보조비,보조금
보존,"유지, 보전, 보호, 지키다; 유지하다/지키다/보호하다",보존
보증,"담보, 보장",보증
보충,"보강, 보완",보충
보태다,"더하다, 보충하다, 추가하다, 합하다",보태
"보편적∙, 보편적","일반적, 일반적; 일반화",보편
보호,"보전, 보존, 지키다; 지키다",보호
복,"축복, 행운",복
복구,"복귀, 복원, 회복; 회복하다/복원하다/복위시키다/되돌리다",복구
복귀,"복구, 회복, 되돌아가다",복귀
복도,통로,복도
복리,복지,복리
복부,배; 배,복부
복사,카피,복사
복수,"보복, 설욕, 앙갚음; 보복하다/설욕하다",복수
복용,먹다; 먹다,복용
복원,복구; 복구하다/회복하다/되돌리다,복원
복장,옷차림,복장
복제,복사; 복사/중복/이중; 복사하다,복제
복종,"굴복, 순종",복종
복지,복리,복지
복통,배앓이,복통
복합,"합성, 혼합; 다각적다각적",복합
본국,자국,본국
본뜨다,모방하다,본뜨
본래,본디,본래
본명,실명,본명
본받다,"따르다, 배우다",본받
본선,결선,본선
본성,천성,본성
본인본인,당사자,본인
본전,원금,본전
본질,"근본, 본바탕",본질
볼,뺨,볼
볼거리,구경거리,볼거리
볼일,"용건, 용무",볼일
봉우리,산봉우리,봉우리
봉지,봉투,봉지
뵈다,뵙다; 뵙다,뵈
부,풍요,부
부가,첨가,부가
부각,강조; 어떤 사물이 특징지어져 두드러지게 되다:강조되다,부각
부고,부음,부고
부근,"근방, 근처, 주변, 주위",부근
부끄러움,수치,부끄러움
부끄러워하다,수줍어하다,부끄러워
부닥치다,"부딪치다, 부딪히다, 맞닥뜨리다, 부닥뜨리다; 부딪치다, 부딪히다, 맞닥뜨리다, 부닥뜨리다",부닥치
부담,"담당, 내다; 짐; 짐스럽다; 의무/책임",부담
부도덕,비리,부도덕
부동산,복덕방,부동산
부득이,"부득불, 마지못하다",부득이
부디,"꼭, 아무쪼록, 제발",부디
부딪치다,"마주치다, 부닥치다, 부딪히다; 부닥치다, 부딪치다, 직면하다",부딪치
부딪히다,"부닥치다, 부딪치다; 부닥치다, 부딪치다, 직면하다",부딪히
부러워하다,선망하다,부러워
부러지다,"꺾이다, 절단되다",부러지
부르짖다,"소리치다, 외치다, 절규하다",부르짖
부리다,"사용하다, 시키다, 쓰다; 피우다; 피우다",부리
부모,"양친, 어버이",부모
부문,"분야, 영역; 경지/부류/분야",부문
부서,파트,부서
부서지다,"깨지다, 망가지다, 부스러지다",부서지
부수다,"깨다, 망가뜨리다, 허물다",부수
부실,"허약, 허하다; 엉성하다",부실
부여,주다; 주다,부여
부유하다,"넉넉하다, 유복하다, 윤택하다; 풍족하다/유복하다/포실하다",부유
부인,부정,부인
부재,없다,부재
부정,"부조리, 부패, 불공정; 부인; 부인하다/거절하다/거부하다",부정
부족,종족; 모자라다,부족
부주의,방심,부주의
부착,장착,부착
부채,"빚, 채무",부채
부처,석가모니,부처
부추기다,"꼬드기다, 부채질하다, 북돋우다, 조장하다, 종용하다; 사주하다/교사하다",부추기
부축,돕다,부축
부치다,달리다; 지지다,부치
부친,아버지,부친
부패,"부식, 썩다; 부정, 비리",부패
부풀다,"커지다, 팽창하다",부풀
부품,부속품,부품
부피,크기,부피
부하,수하,부하
부활,"재생, 환생, 회생, 되살아나다; 부흥, 되살아나다",부활
북,북쪽; 북쪽,북
북돋다,"고취하다, 격려하다",북돋
북돋우다,"고취하다, 격려하다; 격려하다/조장하다",북돋우
북미,북아메리카,북미
북받치다,터지다,북받치
북적거리다,"북적대다, 북적북적하다",북적거리
북한,이북,북한
분간,"구별, 구분, 변별, 분별, 판단; 구별하다/가래다",분간
분노,"노여움, 울분, 울화, 화; 격노/격분/노여움",분노
분담,"분임, 분장",분담
분량,양; 숱/양/용,분량
분류,"구별, 구분, 분리; 나누다",분류
분리,"격리, 구분, 분류, 분별",분리
분명히,"명백히, 명확히, 확실히",분명히
분배,배분; 배분하다/나누다,분배
분별,"구별, 변별, 판별; 분간하다/구별하다",분별
분산,산재,분산
분석,"분해, 해석; 분해하다",분석
분수,"주제, 분, 한도",분수
분실,유실; 잃다; 잃어버리다,분실
분실물,유실물,분실물
분야,"부문, 영역; 부문/방면",분야
분열,"갈라지다, 찢어지다; 갈라지다/갈리다/나누어지다:찢어져 나뉘다.",분열
분쟁,"다툼, 마찰; 갈등",분쟁
분주하다,바쁘다; 바쁘다; 바쁘다/급급하다,분주
분출,뿜다,분출
분필,백묵,분필
분하다,"억울하다, 원통하다",분하
분해,해체,분해
불가사의,"미스터리, 신비",불가사의
불경기,불황,불경기
불과,"겨우, 기껏해야",불과
불교,불법,불교
불구하다,무릅쓰다,불구
불균형,"편중; 불만; 손해; 불공평; 불명확, 불분명, 불투명; 비이성적이다/비논리적이다",불
불길,"불, 불꽃; 나쁘다, 흉하다",불길
불꽃,"불길, 섬광",불꽃
불러내다,호출하다,불러
불러오다,초래하다,불러오
불리,해; 늘리다,불리
불만,불만족,불만
불만족스럽다,불만스럽다,불만족
불명,"불분명, 불투명",불명
불모지,황무지,불모지
불법,비합법,불법
불분명하다,"불명확하다, 불확실하다",불분명
불빛,불꽃,불빛
불상,부처,불상
불쑥,불쑥이,불쑥
불어나다,"늘어나다, 증가하다, 커지다; 상승하다/인상하다/증가하다/커지다/늘어나다",불어나
불어넣다,주입하다,불어넣
불참,"불참석, 불참가",불참
불충분,부족,불충분
불치병,난치병,불치병
불평,불만,불평
불화,"갈등, 다툼, 부조화, 분쟁",불화
불황,불경기,불황
불효자,불효자식,불효자
붉은색,"홍색; 부끄러워하다, 성나다; 빨간색; 빨갛다",붉
붐,"대성황, 대유행, 성황",붐
붐비다,"복잡하다, 북적거리다, 북적대다, 북적이다, 북적북적하다, 혼잡하다; 북적대다",붐비
붓다,"부풀다; 담다, 따르다, 쏟다",붓다
붕괴,무너지다,붕괴
붙들다,붙잡다; 붙잡다; 붙잡히다,붙들
붙잡다,붙들다; 붙들다,붙잡
붙잡히다,붙들리다,붙잡히
뷔페,뷔페식당,뷔페
브랜드,상표,브랜드
비결,"노하우, 비법; 노하우",비결
비관,"절망; 절망적, 절망적",비관
비교적 비교적∙비교적,꽤,비교
비굴하다,"비열하다, 좀스럽다",비굴
비극,"불행, 비참, 슬픔",비극
비난,책망,비난
비단,단지,비단
비뚤어지다,일그러지다; 잘못되다,비뚤
비례,정비례; 비,비례
비로소,"그제야, 드디어, 마침내; 그제야/마침내/드디어",비로소
비료,거름,비료
비리,부조리; 비릿하다,비리
비법,비방; 요령,비법
비비다,문지르다; 버무리다,비비
비상,"비행, 날아오르다; 긴급; 비범하다",비상
비상금,상비금,비상금
비속어,속어,비속어
비용,"경비, 자금",비용
비웃다,웃다,비웃
비웃음,조소,비웃음
비위,넉살,비위
비유,풍자; 비교하다,비유
비율,비; 보합,비율
비자,사증,비자
비전,"미래상, 전망",비전
비좁다,협소하다,비좁
비참하다,"참담하다, 참혹하다, 처참하다",비참
비치다,빛나다,비치
비키다,"물러나다, 물러서다",비키
비틀거리다,"비틀대다, 비틀비틀하다",비틀거리
비판,"비평, 평론; 비평적",비판
비평,"비판, 평론; 비판하다/비난하다/혹평하다",비평
비하,"업신여기다; 견주다, 비교하다",비하
빈곤,"곤궁, 빈궁",빈곤
빈도,빈도수; 빈삭,빈도
빈둥거리다,"빈둥빈둥하다, 빈둥대다",빈둥거리
빈민,영세민,빈민
빈번하다,잦다; 잦다/빈발하다,빈번
빈약,부족; 형태/내용) (박약하다/부족하다,빈약
빈자리,공석,빈자리
빈칸,공란,빈
빈털터리,"가난뱅이, 무일푼",빈털터리
빈틈,틈; 허점,빈틈
빈틈없다,"빠듯하다; 면밀하다, 주도면밀하다; 철두철미하다/면밀하다",빈틈없
빈틈없이,샅샅이,빈틈없이
빈혈,빈혈증,빈혈
빌다,기원하다; 사죄하다; 구걸하다,빌
빗,머리빗,빗
빗나가다,"어긋나다, 엇나가다",빗나가
빗줄기,빗발,빗줄기
빙하,만년설,빙하
빚,"부채, 사채, 채무; 만들다",빚
빛,"광; 광, 색깔; 안색",빛
빛깔,"색깔, 색채; 색깔",빛깔
빛나다,"눈부시다, 반짝이다, 비치다",빛나
빠듯하다,"빡빡하다, 뻑뻑하다, 빈틈없다",빠듯
빠뜨리다,빠트리다; 빠트리다; 빠트리다,빠뜨리
빠져나오다,벗어나다,빠져
빠지다,"결석하다, 불참하다",빠지
빠짐없이,"골고루, 낱낱이, 모두, 전부, 죄다; 골고루/낱낱이",빠짐없이
빨강,다홍,빨강
빨개지다,붉어지다,빨개지
빨다,흡입하다,빨
빼내다,빼다; 빼다; 가시/총알/연기 등을...교도소에서.....정보 등을,빼내
빼돌리다,"빼내다, 빼먹다, 횡령하다; 횡령하다/빼먹다",빼돌리
빼앗기다,잃다,빼앗기
빼앗다,수탈하다,빼앗
뺏다,수탈하다,뺏
뺨,볼,뺨
뻔하다,"빤하다, 분명하다, 훤하다",뻔하
뻔히,"명백히, 분명히",뻔히
뻗다,"미치다, 자라다; 펴다; 다리/팔/손 등을",뻗
뻗치다,내뻗다,뻗치
뼈,골,뼈
뽀뽀,입맞춤,뽀뽀
뽐내다,"뻐기다, 으스대다, 자랑하다; 자랑하다",뽐내
뽑히다,"빠지다; 당선되다, 선발되다, 발탁되다",뽑히
뾰족하다,"날카롭다, 뾰쪽하다, 예리하다",뾰족
뿌리다,"끼얹다, 붓다, 살포하다",뿌리
뿌리치다,"내치다, 물리치다; 거절하다, 내치다, 물리치다",뿌리치
뿜다,"방출하다, 분출하다",뿜다
뿜어내다,"분출하다, 뿜다",뿜어내
삐다,접질리다,삐
사각형,"네모, 사각",사각형
사건,"사고, 사태, 일",사건
사격,총격,사격
사고,"사유, 생각; 생각",사고
사고력,"두뇌, 머리",사고력
사공,뱃사공,사공
사과,사죄,사과
사교,교제,사교
사극,역사극,사극
사기,기; 야바위/협잡/기망,사기
사나이,"남, 남아, 남자, 남성, 대장부, 장정",사나이
사납다,"거칠다, 포악하다",사납
사내,"남, 남아, 남성, 남자, 대장부, 장정",사내
사냥,수렵,사냥
사들이다,"구매하다, 구입하다, 매입하다, 장만하다; 넷; 마흔∙마흔; 회사",사
사라지다,없어지다,사라지
사례,"보기, 예, 전례; 예/보기/본보기",사례
사로잡다,"생포하다, 잡다; 매료하다, 매혹하다, 빼앗다",사로잡
사로잡히다,매료되다; 매료되다,사로잡히
사리,"도리, 이치",사리
사립,민립,사립
사망,"별세, 운명, 죽음",사망
사무,"업무, 일, 임무, 직무",사무
사무소,사무실; 사무실,사무소
사뭇,매우; 내내/꽤,사뭇
사방,"도처, 동서남북, 사방팔방, 여기저기, 주변, 주위",사방
사복,평복,사복
"사사건건, 사사건건",사사건건이,사사건건
사상,"역사상; 견해, 생각, 이데올로기",사상
사상가,철학가,사상가
사색,"사유, 생각, 명상",사색
사설,논설,사설
사소하다,"미미하다, 시시하다, 하찮다; 하찮다",사소
사슬,쇠사슬,사슬
사시사철,사철,사시사철
"사실상, 사실상",사실,사실상
"사실적∙, 사실적","노골적, 노골적",사실
사양,거절,사양
사업가,사업자,사업가
사업자,사업가,사업자
사업주,"사장, 업주; 사장",사업주
사업체,"기업체, 회사",사업체
사연,"내용, 얘깃거리, 이야기",사연
사용법,용법,사용법
사용자,사용인,사용자
사원,회사원; 회사원,사원
사유,"까닭, 이유",사유
사이좋다,"다정하다, 정답다, 친하다",사이
사인,서명; 신호,사인
사정,"상태, 처지, 형편; 애걸복걸, 탄원",사정
사지,팔다리,사지
사진첩,앨범; 앨범,사진첩
사치,낭비; 호사스럽다/고습스럽다,사치
사퇴,"사임, 사직",사퇴
사투리,"방언, 시골말",사투리
사표,사직서,사표
사항,"조항, 항목",사항
사형,극형,사형
사회,진행; 조직; 사회,사회
삭막하다,쓸쓸하다; 황량하다/적막하다,삭막
삭제,"제거, 없애다, 지우다",삭제
산간,산골,산간
산골,산간,산골
산꼭대기,정상,산꼭대기
산더미,"다량, 무더기",산더미
산뜻하다,상쾌하다,산뜻
산림,"삼림, 숲",산림
산만하다,어수선하다; 산란하다,산만
산맥,산줄기,산맥
산물,소산,산물
산소,"묘, 묘소, 무덤",산소
산속,산중,산속
살균,멸균,살균
살금살금,"살그머니, 살며시, 살살",살금살금
살리다,"구조하다, 구하다",살리
살림,살림살이; 살림살이; 잡안일,살림
살며시,"살짝, 슬며시, 슬쩍",살며시
살아나다,"소생하다, 회생하다",살아나
살아남다,생존하다,살아남
살인,살해,살인
살짝,"살며시, 살그머니",살짝
살펴보다,"관찰하다, 둘러보다; 찾아보다",살펴보
살피다,"관찰하다, 둘러보다; 검사하다/둘러보다/돌아보다",살피
살해,살인; 세,살
삶,생; 생활,삶
삼가다,"멀리하다, 억제하다, 절제하다",삼가
삼각형,세모꼴,삼각형
삼다,"만들다, 정하다; 여기다",삼다
삼림욕,산림욕,삼림욕
삼복더위,복더위,삼복더위
삼키다,"넘기다, 먹다",삼키
상,초상,상
상갓집,초상집,상갓집
상관,"관계, 관련, 연관; 간섭, 참견",상관
상관없다,관계없다,상관없
상관없이,관계없이,상관없이
상냥하다,친절하다; 친절,상냥
상담,"면담, 상의",상담
상담원,카운슬러,상담원
상당수,"다수, 대다수",상당수
상당하다,"굉장하다, 대단하다, 어마어마하다; 적잖다",상당
상당히,"극히, 꽤, 대단히, 몹시, 매우, 참",상당히
상대,"상대방, 상대편",상대
상대방,상대편,상대방
상대편,"상대방, 상대자, 상대측",상대편
상반,반대,상반
상반신,"상체, 윗몸",상반신
상봉,만남,상봉
상부상조,협력,상부상조
상사,"상관, 윗사람",상사
상상,공상,상상
상세하다,"세세하다, 자세하다",상세
상속,"계승, 세습, 물려주다",상속
상승,오르다; 인상하다/솟다/오르다/올라가다/증가하다,상승
상승세,오름세,상승세
상식,교양; 보통지식,상식
상실,잃어버리다,상실
상심,"낙심, 실망",상심
상업,장사,상업
상영관,영화관,상영관
상용,통용,상용
상응,대응; 일치하다/호응하다/해당하다/부합하다,상응
상의,"논의, 상담, 의논",상의
상이하다,"다르다, 판이하다",상이
상인,장수,상인
상장,상,상장
상점,"가게, 점포; 가게",상점
상징,"표상, 심벌",상징
상체,"상반신, 윗몸",상체
상쾌하다,산뜻하다,상쾌
상태,상황,상태
상표,브랜드,상표
상하,위아래,상하
상향,상승,상향
"상호, 상호","서로, 서로; 서로",상호
상황,정세; 상태/사태/입장/처지,상황
샅샅이,"낱낱이, 모조리, 속속들이; 모조리/구석구석/자세히/깡그리",샅샅이
새기다,"각인하다, 파다; 조각하다/깍아서 만들다",새기
새끼,어린것,새끼
새다,"누설되다, 빠져나오다, 흘러나오다; 밝다; 밝히다",새
새댁,"새색시, 신부",새댁
새로이,새로; 새로,새로이
새삼,새삼스레; 새삼스레:1. 이전의 느낌이나 감정이 다시금 새롭게 2.하지 않던 일을 새로 하여 갑작스러운 느낌이 들게.,새삼
새싹,움; 새순,새싹
새옹지마,전화위복,새옹지마
색다르다,"별나다, 특이하다",색다르
색상,"색, 색깔",색상
색채,"빛깔, 색깔",색채
샘,"샘터, 우물",샘
샘물,생수,샘물
생,삶; 생방,생
생계,"살림, 생활; 생활",생계
생기,"활기, 활력; 나다",생기
생김새,"모양, 형태",생김새
생동감,약동감,생동감
생명,"목숨, 삶",생명
생명체,생물,생명체
생물,생물체,생물
생산,"제조; 건설적, 건설적, 창조적, 생산적; 만들다",생산
생산지,산지,생산지
생생하다,선명하다; 싱싱하다; 팔팔하다,생생
생성,발생; 발생/창조,생성
생소하다,"낯설다, 생경하다; 낯선/익숙하지 않은)",생소
생수,약수,생수
생애,"일생, 평생",생애
"생전, 생전",생애,생전
생존,살아남다; 존재,생존
생필품,생활필수품,생필품
생활고,생활난,생활고
생활비,생계비,생활비
생활용품,생필품,생활
서,서쪽,서
서구,서양,서구
서글프다,"눈물겹다, 슬프다",서글프
서늘하다,"선선하다, 시원하다, 싸늘하다, 쌀쌀하다; 선선하다",서늘
서두,"말머리, 머리말, 서론, 서문",서두
서럽다,섧다; 원통하다/서글프다/슬프다,서럽
서론,"머리말, 서두, 서문",서론
서리다,맺히다,서리
서먹하다,"겸연쩍다, 머쓱하다, 어색하다; 어색하다",서먹
서면,"문서, 서류",서면
서명,사인,서명
서민,평민; 평민적,서민
서부,서쪽,서부
서서히,천천히; 천천히,서서히
서성거리다,"서성대다, 서성서성하다",서성거리
서술,"기술, 묘사",서술
서술어,술어,서술어
서신,편지; 편지,서신
서양식,양식,서양식
서양인,"서구인, 양인",서양인
서열,"등급, 순서, 차례",서열
서예,붓글씨,서예
서운하다,"섭섭하다, 아쉽다, 안타깝다; 섭섭하다",서운
서재,서실,서재
서적,책; 책,서적
서투르다,미숙하다,서투르
서툴다,미숙하다,서툴
서향,서쪽,서향
석,세,석
석유,기름; 기름,석유
섞이다,혼합되다,섞이
선,"맞선, 소개팅; 라인; 생생하다; 선량하다, 어질다, 착하다; 줄",선
선고,언도,선고
선교,"전도, 포교",선교
선두,앞장,선두
선뜻,선뜻이; 선선히/선뜻이/얼른:동작이 빠르고 시원스러운 모양,선뜻
선명하다,"분명하다, 확실하다",선명
선박,배; 배,선박
선발,"선정, 선출",선발
선불,선금,선불
선약,약속,선약
선언,"공표, 선포, 포고",선언
선의,"선심, 호의; 호의/호감",선의
선입견,선입관,선입견
선전,광고; 광고,선전
선정,"선발, 선택, 뽑다; 뽑다; 선택; 지명되다/내세우다/지목되다",선정
선조,조상,선조
선착순,도착순,선착순
"선천적∙, 선천적","생득적, 생득적, 천부적, 천부적",선천적
선출,"등용, 선발, 뽑다; 뽑다; 선임하다/선거하다",선출
선행,덕행,선행
선호,좋아하다,선호
선호도,인기,선호도
설,"설날; 학설; 소문, 이야기, 풍문; 설날",설
설계,"구상, 디자인, 계획; 디자인하다/도안하다",설계
설교,교훈,설교
설득,설복,설득
설레다,"두근거리다, 두근대다, 두근두근하다",설레
설령,"설혹, 설사; 설사",설령
설립,"개설, 신설, 창립, 창설; 설정하다/확립하다/세우다/정립하다",설립
설마,혹시; 그럴 리는 없겠지만,설마
설명서,매뉴얼,설명서
설문,앙케트,설문
설문지,질문지,설문지
설비,"시설, 장치",설비
설사,설령,설사
설움,서러움,설움
설정,"수립, 정립",설정
설치,설비,설치
섬기다,"공경하다, 모시다, 받들다, 봉양하다; 신이나 윗사람을 잘 모시어 받들다",섬기
섬세하다,치밀하다; 미묘하다/세밀하다/세심하다,섬세
섭리,"법칙, 이치",섭리
섭취,"흡수, 먹다; 먹다; 먹다/흡수하다",섭취
성경,성서,성경
성과,"공적, 소산, 실적; 결과/성적",성과
성금,헌금,성금
성급하다,조급하다,성급
성년,"성인, 어른",성년
성능,기능; 기능,성능
성대,"목청; 장대하다, 크다; 웅대하다/웅장하다/장려하다",성대
성립,조직; 실시되다/시행되다,성립
성명,이름; 이름,성명
성분,요소; 요소/재료,성분
성실,부지런하다,성실
성실히,부지런히,성실히
성의,성심,성의
성인,"어른, 대인; 성자; 어른",성인
성장,"발달, 발육, 발전, 생장, 자라다; 자라다; 자라다",성장
성장기,발육기,성장기
성직자,목자,성직자
성질,"성격, 성미, 성품; 성분; 성격",성질
성취,"달성, 성공, 완수",성취
성품,"됨됨이, 마음씨; 성격/인격/개성/인성",성품
성하다,"멀쩡하다, 온전하다; 화; 온전하다",성
성향,"경향, 기질, 성질; 기질/경향",성향
성형,고치다,성형
성화,등쌀,성화
세,"세력; 기운, 힘; 살; 삼삼; 세수",세
세계화,국제화; 세상,세계
세균,"균, 박테리아; 균",세균
세금,조세,세금
세다,"계산하다, 헤아리다; 강하다; 강하다",세다
세대,대; 가구; 가구,세대
세력,세,세력
세로세로,종,세로
세모,삼각형,세모
세밀하다,"상세하다, 세세하다, 자세하다; 상세하다/꼼꼼하다/자세하다/미세하다",세밀
세심하다,"꼼꼼하다, 빈틈없다; 꼼꼼하다/깐깐하다",세심
세일,할인; 할인,세일
세제,"세척제, 세정제",세제
세차다,"강하다, 거세다",세차
세탁물,빨랫감; 빨래,세탁물
센서,감지기,센서
센티,센티미터; 센티미터,센티
소개서,소개장,소개서
소금물,"식염수, 염수",소금물
소나기,소낙비,소나기
소나무,솔,소나무
소득,"수익, 수입",소득
소란,야단; 시끄럽다; 방해,소란
소매,"옷소매, 팔소매",소매
소멸,사라지다; 사라지다/멸하다:사라져 없어지다,소멸
소모,소비; 바닥나다/소비되다,소모
소문,루머,소문
소문나다,유명하다,소문나
소박하다,검소하다; 무구하다/순박하다/수수하다,소박
소방차,불자동차,소방차
소변,오줌,소변
소비량,소비액,소비량
소설책,소설; 소설,소설책
소송,송사,소송
소심하다,"세심하다, 조심스럽다",소심
소아,어린아이; 어린아이,소아
소양,교양,소양
소요,필요; 소미되다/소비되다,소요
소용,쓸모,소용
소용없다,쓸데없다,소용없
소원,"희망, 원; 원하다; 희망",소원
소위,이른바,소위
소유,가지다; 가지다; 갖다; 보유하다/소지하,소유
소유자,"소유주, 소유인",소유자
소장,간직하다,소장
소재,"소재지; 글감, 글거리; 주제",소재
소중히,귀중히,소중히
소지,"보유, 지니다; 들다/지니다/나르다/가지다/휴대하다/보유하다",소지
소질,재능,소질
소홀하다,등한시하다; 무시하다/등한하다,소홀
속다,"넘어가다, 홀리다; 거짓말하다, 기만하다; 안",속
속력,스피드,속력
속마음,"속뜻, 저의",속마음
속설,통설,속설
속성,특성; 특성/특질,속성
속셈,심산,속셈
속속,계속; 계속,속속
속속들이,샅샅이,속속들이
속어,비속어,속어
속임수,사기,속임수
손가방,핸드백,손가방
손대다,"건드리다, 만지다",손대
손등,손잔등,손등
손목,팔목,손목
손발,수족; 수족,손발
손뼉,박수,손뼉
손수,"몸소, 직접, 친히; 몸소/스스로/친히: 남의 힘을 빌리지 아니하고 제 손으로 직접",손수
손실,손해; 분실/상실,손실
손아귀,손안,손아귀
손짓,제스처,손짓
솔,브러시,솔
솔로,"독주, 독창",솔로
솟구치다,치솟다; 치솟다,솟구치
솟다,일다; 연기와 같은 물질이나 비행기와 같은 물체가 아래에서 위,솟
솥,솥단지,솥
쇠고기,소고기; 소고기,쇠고기
쇠퇴,쇠락; 감퇴하다/쇠하다/조락하다/퇴조하다/저락하다,쇠퇴
쇼핑몰,쇼핑센터,쇼핑몰
쇼핑센터,쇼핑몰,쇼핑
수,수요일; 수요일; 숫자,수
수긍,납득; 동의하다/수용하다/동감하다,수긍
수단,"방법; 솜씨, 수법, 수완, 요령",수단
수도,상수도; 수행,수도
수도꼭지,수도,수도꼭지
수동적∙수동적,"소극적, 소극적",수동
수두룩하다,"많다, 파다하다, 허다하다; 많다/흔하다",수두룩
수려하다,"빼어나다, 아름답다, 준수하다",수려
수록,"게재, 담다, 싣다",수록
수리,수선; 고치다,수리
수리비,수선비,수리비
수립,세우다; 세우다; 설립/신설; 설립하다/정립하다/설렁하다/제정하다/세우다,수립
수면,잠; 잠,수면
수발,시중; 보살피다/돌보다/시중하다/건사하다/양육하다,수발
수법,방법; 방법/방식/수단,수법
수분,물기,수분
수비,방어,수비
수사,조사,수사
수산업,어업,수산업
수상하다,"의심스럽다, 의심쩍다",수상
수색,"탐색, 찾다; 검색",수색
수석,수위,수석
수선,수리,수선
수소문,찾아다니다; 이리저리 알아보다,수소문
수송,운송,수송
수시로,자주; 때때로/무시로/그때그때: 아무 때나 늘,수시로
수신자,수신인,수신자
수없이,무수히,수없이
수용,받아들이다; 받아들이다/응하다,수용
수월하다,손쉽다; 용이하다/손쉽다/쉽다/무난하다,수월
수입,소득,수입
수정,고치다,수정
수줍다,부끄럽다; 부끄럽다/쑥스럽다,수줍
수줍음,부끄러움,수줍음
수중,물속,수중
수집,"모으다; 모으다, 채집하다; 모으다",수집
수치,부끄러움,수치
수칙,규칙; 규정/규칙/규율,수칙
수평,형평,수평
수필,에세이,수필
수학,배우다,수학
수해,수재,수해
수행,해내다; 다하다/이행하다/이루다,수행
숙면,단잠; 단잠/귀잠,숙
숙박비,숙박료,숙박비
순간,"삽시간, 순식간, 일순간, 찰나; 찰나/일순/촌각",순간
순수,"순진; 순진하다, 천진난만하다",순수
순식간,"삽시간, 순간, 일순간",순식간
순응,따르다; 적응하다,순응
순조롭다,순탄하다; 순탄하다/무사하다,순조
순진,"순수, 순박하다",순진
순하다,수더분하다,순하
순환,돌다,순환
술자리,술좌석,술자리
술잔,잔,술잔
숨,호흡,숨
숨기다,감추다,숨기
숨지다,죽다,숨지
숭고하다,고귀하다,숭고
쉬다,갈리다,쉬
쉽사리,쉬; 아주 쉽게,쉽사리
슈퍼,슈퍼마켓; 슈퍼마켓,슈퍼
스며들다,배다,스며들
스승,"선생님, 은사",스승
스커트,치마; 치마,스커트
스케줄,일정,스케줄
스토리,이야기; 이야기,스토리
슬그머니,슬며시; 살며시/조금씩:남이 알아차리지 못하게 슬며시,슬그머니
슬기롭다,지혜롭다,슬기
슬며시,슬그머니,슬며시
슬슬,슬금슬금,슬슬
습성,습관,습성
승승,승리,승승
승강기,엘리베이터; 엘리베이터,승강기
승강장,플랫폼,승강장
승낙,"허가, 허락",승낙
승마,기마,승마
승무원,스튜어디스,승무원
승부,승패; 승패/자웅/판가름,승부
승용차,자동차,승용차
승인,허가,승인
승자,승리자,승자
승차권,차표; 기차표,승차권
승패,승부,승패
승합차,승합자동차,승합차
시각,시간; 관점; 시간시간; 관점,시각
시급하다,급하다,시급
시기,타이밍,시기
시나리오,각본,시나리오
시냇물,냇물,시냇물
시늉,"척, 체, 흉내",시늉
시도,꾀하다,시도
시들다,없어지다,시들
시력,눈; 눈,시력
시련,"곤경, 곤란; 수난/환난/고난",시련
시름,"걱정, 근심; 불안/걱정/조바심",시름
시리즈,연속,시리즈
시무룩하다,"불만스럽다, 뽀로통하다",시무룩
시비,"잘잘못, 흑백",시비
시사하다,암시하다,시사
시선,눈길; 눈길,시선
시스템,"체계, 체제",시스템
시시하다,"재미없다, 하찮다",시시
시신,"사체, 시체",시신
시위,데모,시위
시인,"수긍, 인정",시인
시중,수발,시중
시즌,철,시즌
시집,시가; 출가하다,시집
시청,보다,시청
시체,송장,시체
시커멓다,"새카맣다, 새까맣다",시커멓
시합,경기; 경기,시합
시행,실시; 집행하다/실시하다,시행
식식,의식,식식
식단,식단표,식단
식량,양식,식량
식료품,식용품; 식품,식료품
식성,먹성,식성
식욕,"밥맛, 입맛",식욕
식용유,기름,식용유
신,신발; 신발,신
신경질,"노이로제, 성질; 성질",신경질
신명,신; 신/흥/감흥,신명
신바람,신,신바람
신비롭다,신비하다; 오묘/미스터리,신비
신상,신변,신상
신세,"누, 폐",신세
신속,빠르다,신속
신속히,"빨리, 얼른",신속히
신앙,종교; 신심/믿음,신앙
신용,"믿음, 신뢰",신용
신인,신진,신인
신임,"신뢰, 신망",신임
신자,"신도, 교도",신자
신장,발전; 콩팥; 키; 뿍돋우다/제고하다/진작시키다,신장
신체,"육체; 육체적, 육체적; 몸",신체
신축성,융통성,신축성
신하,가신,신하
실례,사례; 실수,실례
실리다,"기재되다, 게재되다; 반간하다/출판하다/출간하다",실리
실마리,"단서, 단초; 단서",실마리
실망,실의,실망
실명,본명,실명
실상실상,"실제로; 내막, 속내, 속사정",실상
실속,내실,실속
실시,실행,실시
실업,실직,실업
실업자,실직자,실업자
실외,"바깥, 옥외",실외
실은,"사실, 실제로",실은
실재,현존,실재
실적,"공적, 성과, 업적",실적
실정,속사정,실정
실제실제,실제로,실제
실제로,"실지로, 실상, 실제, 실지",실제로
실직,실업,실직
실천,행하다; 행동적; 실행/연습/단행,실천
실컷,마음껏; 마음대로/마냥/마음껏,실컷
실크,비단,실크
실태,"실상, 실황; 사실/실황/실정",실태
실행,실시,실행
실현,이루다,실현
싫증,염증,싫증
심경,"속마음, 심정",심경
심사,평가,심사
심성,마음,심성
심야,한밤중,심야
심의,심사; 심사,심의
심정,"마음, 심경; 마음씨/간장",심정
심화,"심각화, 더하다; 강화되다",심화
심히,"극히, 꽤, 몹시",심히
십자가,십자,십자가
싱싱하다,신선하다; 신선하다,싱싱
싸다,가볍다; 포장,싸
싸움,다툼,싸움
싹,새순,싹
싼값,저가,싼
쌍꺼풀,쌍까풀,쌍꺼풀
쌍둥이,쌍생아,쌍둥이
쌍방,양방,쌍방
쌓이다,축적되다,쌓이
썩다,부패하다,썩
쏘다,사격하다,쏘다
쏘아보다,노려보다,쏘아보
쏜살같이,빨리; 맹령하게/황급히,쏜살
쏟다,붓다,쏟
쏠리다,기울어지다,쏠리
쐬다,쏘이다,쐬
쓰러뜨리다,쓰러트리다,쓰러뜨리
쓰리다,쓰라리다,쓰리
쓰이다,적히다; 사용되다; 사용되다; 통용되다,쓰이
쓸데없다,소용없다; 불필요하다/필요없다,쓸데없
쓸데없이,소용없이,쓸데없이
쓸모,쓸데,쓸모
씨,씨앗,씨
씨앗,씨,씨앗
씩씩거리다,"씩씩대다, 씩씩하다",씩씩거리
씩씩하다,굳세다,씩
아가,아기,아가
아끼다,절약하다; 소중히 여기다,아끼
아동,아이,아동
아득하다,가마득하다,아득
아래층,"하층, 밑층",아래층
아랫사람,손아랫사람,아랫사람
아마도,아마; 아마,아마도
아무런,아무; 아무아무,아무런
아무쪼록,모쪼록; 부디/모쪼록,아무쪼록
아무튼,"여하튼, 하여튼, 어쨌든",아무튼
아부,아첨,아부
아비,아버지,아비
아쉽다,"서운하다, 섭섭하다, 안타깝다",아쉽
아우르다,포옹하다; 모으다,아우르
아침밥,"아침, 조반, 조식; 아침",아침밥
아침저녁,조석,아침
악몽,흉몽,악몽
악하다,못되다,악하
안,안건; 안심; 속; 중,안
안건,안,안건
안내판,"게시판, 알림판",안내판
안달,조바심,안달
안락,평안; 편하다/편안하다,안락
안목,눈; 분별력/주안점/안식,안목
안방,"큰방, 내실",안방
안색,얼굴빛,안색
안성맞춤,적합,안성맞춤
안심,안도,안심
안쓰럽다,"가련하다, 불쌍하다, 안타깝다; 딱하다/가엽다/마음이 아프다/ᄋᄊᄅᄃ",안쓰럽
안약,눈약,안약
안일,무사안일,안일
안전띠,안전벨트,안전띠
안전벨트,안전띠,안전벨트
안주,술안주,안주
안타깝다,"서운하다, 섭섭하다, 아쉽다",안타깝
안팎,내외,안팎
알려지다,밝혀지다,알려
알몸,"나체, 맨몸, 전라",알몸
알선,"소개, 주선, 중개",알선
알아듣다,납득하다,알아듣
알아주다,인정하다,알아주
알아차리다,"깨닫다, 알아채다",알아차리
알아채다,알아차리다,알아채
알차다,"실하다, 충실하다; 성과있다/의미있다/유익하다",알차
알칼리성,염기성,알칼리
암기,외우다; 외우다,암기
암컷,암놈,암컷
암흑기,암흑시대,암흑기
압도,제압; 능가/제압,압도
앞길,"미래, 앞날, 장래",앞길
앞날,"앞길, 전도; 미래",앞날
앞다투다,경쟁하다,앞
앞당기다,당기다,앞당기
앞뒤,전후,앞뒤
앞바다,근해,앞바다
앞서다,앞장서다,앞서
앞장,선두,앞장
애,애간장,애
애기,아기,애기
애매하다,모호하다,애매
애쓰다,"고생하다, 노력하다, 힘쓰다",애쓰
애정,사랑; 사랑,애정
애착,집착,애착
애초,"당초, 시초",애초
애칭,별명,애칭
애타다,애끓다,애타
애틋하다,애처롭다; 섭섭하다/애타다/안타깝다,애틋
액세서리,장신구,액세서리
액수,금액,액수
야경,밤경치,야경
야기,일으키다; 생기다/사건 따위를 끌어 일으키다,야기
야단맞다,"욕먹다, 혼나다",야단맞
야단치다,"꾸지람하다, 나무라다",야단치
야무지다,당차다,야무지
야영,캠핑,야영
야유회,소풍,야유회
약물,약수,약물
약소하다,작다,약소
약탈,겁탈,약탈
약품,약; 약,약품
약혼,"정혼, 혼약, 가약",약혼
약효,약발,약효
양,미스,양
양력,태양력,양력
양반,귀족,양반
양성,육성,양성
양손,쌍수,양손
양식,센스; 포맷; 식량,양식
양육,키우다; 기르다; 보육하다/기르다/키우다/아이를 보살피다,양육
양쪽,양측,양쪽
양측,양쪽,양측
양해,이해; 이해/용납,양해
얕보다,경시하다; 경시하다/낮잡다/넘보다,얕보
어긋나다,어그러지다; 어그러지다,어긋나
어김없이,틀림없이,어김없이
어둑어둑하다,어둡다,어둑어둑
어루만지다,쓰다듬다,어루만지
어리다,고이다,어리
어리둥절하다,"당황스럽다, 얼떨떨하다",어리둥절
어린애,"소아, 유아",어린애
어마어마하다,어마하다; 엄청나다/굉장하다/기막히다/막대하,어마어마
어미,어머니,어미
어민,어부,어민
어설프다,"미숙하다, 엉성하다; 서투르다/머뭇거리다",어설프
어수선하다,난잡하다,어수선
어이없다,어처구니없다,어이없
어저께어저께,"어제, 어제; 어제어제",어저께
어조,"말투, 억양",어조
어지럽히다,어지르다,어지럽
어지르다,어지럽히다,어지르
어쨌든,아무튼,어쨌든
어처구니,어이,어처구니
어처구니없다,어이없다,어처구니없
어투,말투,어투
어학,언어학,어학
어휘,단어,어휘
억누르다,억제하다,억누르
억압,"강압, 탄압; 강압/구속",억압
억양,어조,억양
억울하다,원통하다,억울
억제,억누르다; 압박하다/억자하다/위압하다,억제
억지,떼,억지
언급,말; 말하다/논하다/논평하다,언급
언덕,구릉,언덕
언뜻,얼핏,언뜻
언짢다,마땅찮다,언짢
얹히다,올려지다,얹히
얼,혼,얼
얼른,"빨리, 어서",얼른
얼버무리다,우물우물하다,얼버무리
얼핏,언뜻; 보다=catch a glimpse/+생각하면=on a moment's notice,얼핏
얽히다,뒤섞이다; 뒤엉키다/걸려들다,얽히
엄격,엄하다,엄격
엄격히,엄히,엄격히
엄숙하다,숙엄하다; 장엄하다/침통하다/근엄하다/장중하다,엄숙
엄지손가락,엄지손,엄지손가락
엄청,무척,엄청
엄하다,엄격하다,엄하
업무,"일, 직무; 일",업무
업적,"공적, 실적",업적
없어지다,사라지다,없
엇갈리다,어긋나다,엇갈리
엉기다,엉키다,엉기
엉망,엉망진창,엉망
엉성하다,어설프다,엉성
엉키다,"엉클어지다, 엉기다",엉키
에너지,힘; 힘,에너지
에어로빅,에어로빅댄스,에어로빅
에워싸다,둘러싸다,에워싸
여,여자; 여성,여
여건,상황; 주어진 조건,여건
여기다,생각하다; 이곳; 간주하다/생각하다/인정하다,여기
여당,집권당,여당
여러모로,다각도로; 여러 방면으로,여러모로
여럿,다수,여럿
여론,공론,여론
여류,여성,여류
여리다,"약하다, 순하다; 다정하다/상냥하다/부드럽다/연하다",여리
여인,"여, 여성, 여자",여인
여전하다,한결같다,여전
여전히,한결같이,여전히
여정,여행길,여정
여지여지,나위,여지
여쭈다,여쭙다; 여쭙다,여쭈
여태,"이제껏, 지금껏",여태
역,역할,역
역겹다,역하다,역겹
역경,"고난, 난관",역경
역량,"능력, 실력; 실력/능력/손",역량
역사적∙역사적,사적,역사
연관,관련,연관
연기,미루다,연기
연기자,연기인; 배우,연기자
연령,나이; 나이,연령
연령층,나이층,연령층
연못,못,연못
연비,연료 소비율,연비
연속,"계속, 지속; 계속하다/지속하다",연속
연애,사귀다,연애
연약하다,유약하다,연약
연인,애인; 애인,연인
연일연일,"매일, 매일",연일
연잇다,잇따르다,연잇
연장,"늘이다, 늦추다",연장
연체료,연체금,연체료
연하다,옅다; 부드럽다,연하
연합,합치다; 결합하다/연계하다/합치,연합
열거,나열,열거
열량,칼로리,열량
열렬하다,뜨겁다,열렬
열리다,열다,열리
열악하다,나쁘다,열악
열의,"열성, 열정; 열정",열의
열정,"열성, 열의",열정
열중,"몰두, 몰입",열중
염두,마음속,염두
염려,"걱정, 근심; 걱정/근심",염려
염원,소망,염원
염치,수치심,염치
영,당최,영
영락없이,틀림없이,영락없이
영리하다,똑똑하다,영리
영문,"까닭, 이유",영문
영세민,빈민,영세민
영역,"경지, 부문, 분야",영역
영재,"수재, 천재",영재
영토,"땅, 국토",영토
영혼,"혼령, 영",영혼
예,보기; 예절; 예식; 네,예
예감,"예견, 예상",예감
예견,"예감, 예상, 예측; 점치다/예측하다/내다보다/예상하다",예견
예년,평년,예년
예리하다,날카롭다; 날카롭다/뾰족하다,예리
예문,보기,예문
예민하다,민감하다; 민감하다/영민하다,예민
예상,예측,예상
예술가,"아티스트, 예술인",예술가
예식장,결혼식장,예식장
예의범절,예절; 예절/범절/버릇,예의
예전,옛날; 옛날,예전
예절,예법,예절
예측,"예상, 내다보다; 예상/짐작",예측
예컨대,"가령, 이를테면",예컨대
옛날이야기,옛이야기,옛날
오누이,남매,오누이
오늘날,오늘; 현재현재,오늘날
오락,놀이; 게임,오락
오래오래,길이길이,오래오래
오로지,"다만, 오직; 오직/단지",오로지
오류,"에러, 잘못",오류
오른편,오른쪽; 오른쪽,오른편
오름세,상승세,오름세
오리다,자르다; 다섯다섯; 쉰·쉰,오
오만,"교만, 거만",오만
오죽,"오죽이, 오죽이나",오죽
오줌,소변,오줌
오직,다만,오직
오케스트라,관현악단,오케스트라
오토바이,모터사이클,오토바이
오페라,가극,오페라
오해,곡해,오해
온돌,온돌방,온돌
온수,더운물,온수
온전하다,멀쩡하다,온전
온종일온종일,"종일, 종일, 진종일, 진종일",온종일
온천,온천장,온천
온통온통,"전부, 전부; 전부/모두/전적으로/완전히",온통
옷깃,깃,옷깃
옷차림,복장,옷차림
와인,포도주,와인
완공,준공,완공
완치,전치,완치
완쾌,"완치, 쾌유, 쾌차",완쾌
왈가왈부,가타부타,왈가왈부
왕궁,궁궐,왕궁
왕권,군권,왕권
왕따,따돌림,왕따
왕래,내왕,왕래
왕위,보위,왕위
왜곡,조작; 비틀다/일그러뜨리다,왜곡
왜소하다,작다,왜소
외갓집,외가,외갓집
외동딸,"독녀, 외딸",외동딸
외동아들,"독자, 외아들",외동아들
외래어,차용어,외래어
외면,겉면; 마주치기를 꺼리어 피하거나 얼굴을 돌림,외면
외삼촌,외숙,외삼촌
외아들,독자,외아들
외양,겉모양,외양
외유내강,내강외유,외유내강
외제,외국제,외제
외출복,외출옷,외출복
외할머니,외조모,외할머니
외할아버지,외조부,외할아버지
외환,외국환 어음,외환
왼편,왼쪽; 왼쪽,왼편
요건,"자격, 조건",요건
요구,요청,요구
요란,"소란, 시끄럽다",요란
요리법,조리법,요리법
요새,요즘; 요즘,요새
요양원,요양소,요양원
요인,원인,요인
요점,요체,요점
요즈음,요사이,요즈음
요청,요구,요청
욕,욕설,욕
욕구,욕망,욕구
욕망,욕구,욕망
욕설,욕,욕설
욕실,목욕실; 목욕탕,욕실
용건,볼일,용건
용기,그릇; 그릇,용기
용도,쓰임새,용도
용모,면상,용모
용법,사용법,용법
용의자,피의자,용의자
용이하다,쉽다,용이
용하다,신통하다,용
우거지다,울창하다,우거지
우대,후대,우대
우뚝,우뚝이,우뚝
우러나다,우러나오다,우러나
우렁차다,우렁우렁하다; 듣기 좋다/낭랑하다,우렁차
우려,염려; 걱정하다/고민하다/근심하다,우려
우세,우월,우세
우수,우등; 뛰어나다/훌륭하다/탁월하다,우수
우스꽝스럽다,우습다,우스꽝
우습다,웃기다,우습
우여곡절,곡절,우여곡절
우월,우세; 낫다,우월
우정,"우애, 우의",우정
우측,오른쪽,우측
우편물,우편,우편물
운,운수,운
운동선수,스포츠맨; 스포츠,운동
운명,"명운, 명; 명운, 명; 죽다",운명
운반,옮기다; 배달,운반
운송,통운; 운반,운송
운수업,수송업,운수업
운영,경영; 경영하다,운영
운용,운영,운용
운전기사,기사; 운전사,운전기사
운항,운행,운항
울렁거리다,"울렁대다, 울렁울렁하다; 울렁대다, 울렁울렁하다",울렁거리
울부짖다,"부르짖다, 절규하다; 통곡하다/흐느끼다",울부짖
울창하다,"무성하다, 우거지다",울창
울타리,"담, 담장",울타리
움직임,동작,움직임
움츠리다,웅크리다,움츠리
움켜잡다,쥐다,움켜잡
움켜쥐다,잡다,움켜쥐
웃기다,우습다,웃기
웃돌다,상회하다,웃돌
웃음소리,웃음; 웃음,웃음
웅장하다,"굉장하다, 웅대하다; 성대하다/웅대하다",웅장
웅크리다,움츠리다,웅크리
워낙,원체; 원체; 원래/2아주,워낙
원,"동그라미, 원형",원
원가,원금,원가
원격,원거리,원격
원금,본전,원금
원동력,활력,원동력
원래원래,"본디, 본디",원래
원리,"논리, 법칙; 법칙; 원칙/논리/법칙/본체",원리
원만하다,"둥글다, 둥글둥글하다; 단란하다/우호적이다/화목하다",원만
원망,"불평, 원, 탓; 탓하다",원망
원본,원전,원본
원색적∙원색적,"노골적, 노골적",원색
원수,"앙숙, 적",원수
원인,이유; 이유,원인
원조,"지원, 도움, 도와주다, 돕다; 지원하다",원조
원칙,"규칙, 법칙; 원리/법칙/규칙/법",원칙
원형,"기본형; 동그라미, 원",원형
월,월요일; 월요일,월
월간,월간지,월간
월세,사글세; 월셋방,월세
웬만하다,어지간하다; 괜찮다/쑬쑬하다,웬만
위,등; 위장,위
위급하다,"급박하다, 위태하다, 위험하다",위급
위기,"고비, 위험; 위험",위기
위대하다,"대단하다, 뛰어나다, 훌륭하다",위대
위독하다,"위중하다, 위태하다, 위험하다; 위중하다/심각하다/위급하다",위독
위력,힘,위력
위로,"위안, 달래다",위로
위반,위배,위반
위법,불법,위법
위성,인공위성,위성
위아래,아래위,위아래
위안,"위로, 달래다; 위로",위안
위염,위장염,위염
위인,"영웅, 인물; 인물",위인
위조,"날조, 조작; 모조하다/위필하다",위조
위주,중심; 주로/위해,위주
위층,상층,위층
위태롭다,"아슬아슬하다, 위험하다",위태
위협,협박; 협박하다,위협
윗사람,손윗사람; 선배,윗사람
유골,유해,유골
유권자,선거인,유권자
유기농,유기 농업,유기농
유난스럽다,"남다르다, 별나다, 유별나다; 남다르다/별나다/유별나다",유난
유도,"유인, 이끌다; 설득하다",유도
유래,내력; 비롯하다,유래
유례,전례,유례
유리,유익; 이롭다/유익하다,유리
유리창,"창, 창문",유리창
유망,촉망,유망
유머,농담,유머
유발,"촉발, 일으키다; 일어나다/일으키다/벌이다/끼치다",유발
유사,"근사, 비슷하다; 비슷하다/엇비슷하다/근사하다/흡사하다",유사
유서,유언장,유서
유식하다,똑똑하다,유식
유아,어린아이,유아
유언비어,"낭설, 뜬소문",유언비어
유연하다,부드럽다; 유통성 있다/신축성 있다/탄력적이다,유연
유의,주의,유의
유익,이익,유익
유일,유일무의,유일
유일무이,유일,유일무이
유입,들여오다; 흘러들다/흘러들어가다,유입
유적,고적,유적
유전,내력,유전
유전자,유전 인자,유전자
유지,지속; 지키다/지탱하다,유지
유창하다,"막힘없다, 유려하다; 능숙하다/유려하다",유창
유출,내가다,유출
유치하다,어리다; 끌어모으다/끌어들이다/유인하다,유치
유쾌,"기쁘다, 즐겁다",유쾌
유포,"퍼뜨리다, 퍼지다",유포
유형,"종류, 타입; 종류/타입",유형
유혹,호리다; 영혹/유인,유혹
유희,놀이; 놀이,유희
육류,고기,육류
육지,땅; 땅,육지
육체,"신체, 육신; 신체적, 신체적",육체
윤,윤기,윤
윤리,"도덕, 도리; 도덕적, 도덕적",윤리
율동,동작,율동
융통성,신축성,융통성
융합,융화; 결합하다/합체하다,융합
으르다,위협하다,으르
으스대다,"뽐내다, 재다",으스대
은사,"선생, 스승",은사
은혜,덕분,은혜
읊다,"낭송하다, 외다",읊
음력,태음력,음력
음모,모략,음모
음반,"디스크, 판",음반
음성,"말소리, 목소리; 목소리",음성
음식물,음식; 음식,음식물
음악회,콘서트; 콘서트,음악회
음향,소리,음향
응답,"답, 대답; 대답하다/답하다/호응하다/응대하다/반응하다",응답
응모,지원,응모
응용,활용,응용
응하다,따르다; 받아들이다/대답하다/수용하다,응하
의,도의; 의지,의
의견,"견해, 생각",의견
의논,논의,의논
의도,"뜻, 의향, 의사, 의지; 의지/계획",의도
의뢰,"부탁, 요청",의뢰
의류,"옷, 의복",의류
의리,예의,의리
의무,책무,의무
의문,의혹; 의아,의문
의복,옷; 옷,의복
의사,"뜻, 의도, 의향, 의지",의사
의사소통,커뮤니케이션,의사소통
의상,옷,의상
의식,"정신; 사상, 정신; 의례, 식; 인식하다/인지하다/지각하다",의식
의심,의혹,의심
의아하다,"이상하다, 의심스럽다",의아
의약품,"약, 약품",의약품
의외,뜻밖; 뜻밖에,의외
의의,의미,의의
의젓하다,"늠름하다, 점잖다",의젓
의존,의지,의존
의지,"의존; 의존; 뜻, 의도, 의향, 의사",의지
의하다,의거하다,의하
의향,"뜻, 의도, 의사, 의지",의향
의혹,의아,의혹
이,"사람; 이글대다, 이글이글하다; 이기주의적; 얹다; 가령, 예컨대; 이어서; 기왕이면; 전직; 나중; 두; 둘; 스무; 스물; 지금보다 이전 (벌써/이미/기왕/이전/어차피",이
이견,이의,이견
이곳저곳,여기저기,이곳저곳
이기주의,에고이즘,이기주의
이끌다,"주도하다, 리드하다; 주도하다, 리드하다; 선도하다/데리고 가다/안내하다",이끌
이내,곧; 안; 곧/바로/금방,이내
이념,"사상, 주의, 철학",이념
이동,"이전, 옮기다",이동
이득,"득, 이익",이득
이듬해,내년,이듬해
이따,이따가; 이따가,이따
이따금,드문드문; 가끔,이따금
이래,이후,이래
이레,이렛날,이레
이력,경력,이력
이롭다,유리하다; 유익하다,이롭
이루다,"달성하다, 성취하다, 실현하다; 구성하다, 형성하다",이루
이루어지다,실현되다,이루어지
이룩하다,이루다; 이루다/실현하다/성취하다/해내다/완수하다,이룩
이르다,"다다르다, 도착하다; 말하다, 알리다; 달하다/닿다/도달하다/도착하다/도래하다/다다르다/내도하다",이르
이른바,소위,이른바
이름나다,유명하다,이름나
이름표,명찰,이름표
이리저리,요리조리,이리저리
이만큼이만큼,"이만치, 이만치",이만큼
이메일,전자 우편,이메일
이면,"뒷면; 속, 속사정, 속정; 뒷면",이면
이미지,심상; 인상,이미지
이바지,공헌; 공헌하다/기여하다/기부하다/기증하다,이바지
이벤트,행사; 행사,이벤트
이별,"작별, 헤어지다; 헤어지다",이별
이상,이데아,이상
이슬람교,회교,이슬람교
이어받다,"계승하다, 대물리다, 물려받다",이어받
이어서,이어,이어서
이어지다,통하다; 계속되다,이어지
이왕이왕,"이왕에, 기왕, 기왕",이왕
이용자,사용자,이용자
이윤,"이문, 이익금",이윤
이의,"반론, 이견",이의
이익,이윤,이익
이전,옮기다,이전
이제껏,여태껏,이제껏
이주민,이주자,이주민
이치,"섭리, 순리; 논리/천리",이치
이행,실행,이행
익다,"숙달하다, 익숙하다, 친숙하다; 익숙하다",익
익살스럽다,"재미있다, 짓궂다; 우습다/희극적이다",익살
익히다,배우다,익히
인,사람,인
인간,사람; 사람,인간
인격,"됨됨이, 인성",인격
인공,"인위; 인위적, 인위적",인공
인공위성,위성,인공위성
인근,근처; 근방/근처/이웃,인근
인내,"견디다, 버티다, 참다",인내
인내심,참을성,인내심
인도,보도,인도
인력,노동력,인력
인물,사람; 생김새,인물
인사,인물,인사
인상,용모; 오르다; 이미지; 상승,인상
인생,인생살이,인생
인성,"됨됨이, 인간성, 인격",인성
인쇄,프린트,인쇄
인식,"의식, 지각, 느끼다, 알다; 느끼다; 알다/깨닫다/의식하다",인식
인심,"마음씨, 민심, 인정,",인심
인연,연고,인연
인위적∙인위적,인공적,인위
인재,인물,인재
인정,"마음씨, 정; 시인",인정
인지,"인식, 지각",인지
인체,신체,인체
인하,내리다; 말미암다; 줄이다/낮추다/축소하다/떨어뜨리다/감하다,인하
일,일요일; 매일매일; 일일; 일요일; 하나; 하루; 한,일
일간지,일간 신문,일간지
일감,일거리,일감
일거양득,"일거이득, 일석이조",일거양득
일과,일정,일과
일그러지다,"비뚤어지다, 찌그러지다",일그러지
일념,집념,일념
일다,생기다; 일어나다/부풀다/생기다,일다
일대,일원,일대
일류,최고,일류
일몰,해넘이,일몰
일반,"보통; 보편; 보편적, 보편적",일반
일반석,보통석,일반석
일본어,일어,일본어
일부러,굳이; 고의로,일부러
일부분,일부; 일부,일부분
일생,평생,일생
일석이조,일거양득,일석이조
일손,손,일손
일시일시,"한때, 한때, 한시",일시일시
일시,"날짜, 시간",일시
일어,일본어,일어
일원,멤버,일원
일으키다,"야기하다, 유발하다",일으키
일일이,하나하나,일일이
일자,날짜; 날짜,일자
일자리,직장; 직장,일자리
일정,"스케줄; 스케줄, 일과",일정
일정표,스케줄,일정표
일찌감치,일찌거니; 일찍,일찌감치
일찍이,일찍; 일찍,일찍이
일체일체,일절; 전체/총체,일체
일출,해돋이,일출
일치,"같다, 맞다; 맞다; 맞다/들어맞다/동조하다/같다",일치
일컫다,부르다; 가지켜 말하다/부르다,일컫
일터,작업장; 직장; 직장,일터
일화,에피소드,일화
임금,"급료, 급여, 봉급; 왕",임금
임무,"사명, 업무; 업무/사무",임무
임산부,임신부,임산부
임신,"잉태, 회임",임신
임신부,임부,임신부
임하다,맞다,임하
입대,입영,입대
입맛,"밥맛, 식욕, 구미",입맛
입시,입학시험,입시
입장,처지; 태도,입장
입증,증명; 증명하다/논증하다,입증
입학시험,입시,입학시험
입학식,입교식,입학식
잇다,"계승하다, 연속하다; 연결하다/연속하다/계승하다",잇
잇달다,잇따르다,잇달
잇따르다,"연달다, 잇달다; 잇달다/연달다",잇따르
자,글자,자
자갈,돌,자갈
자국,흔적; 본국,자국
자그마하다,"작다, 조그마하다",자그마
자금,"밑천, 비용",자금
자꾸만,자꾸,자꾸
자녀,자식; 자식,자녀
자라나다,성장하다; 성장하다; 자라다/장성하다/성장하다,자라나
자랑스럽다,대견하다; 호,자랑
자리,이부자리,자리
자립,독립,자립
자만,과시,자만
자모,낱자,자모
자문,묻다,자문
자본,자금,자본
자산,재산,자산
자살,"자결, 자진, 자해",자살
자세하다,상세하다; 태도,자세
자손,"후손, 후예",자손
자신,자부,자신
자아,"자의식, 주관, 에고이즘",자아
자아실현,자기실현,자아실현
자연재해,천재,자연재해
자연적∙자연적,천연적,자연
자연히,자연,자연히
자외선,유브이,자외선
자음,닿소리,자음
자자손손,대대손손,자자손손
자재,재료,자재
자제,억누르다,자제
자주색,"자주, 자색",자주
자질,소질; 자격/조건,자질
자취,흔적,자취
자칫,하마터면; 하마터면,자칫
자태,"모습, 용모; 모습/자세",자태
작동,가동,작동
작문,글짓기,작문
작별,"이별, 헤어지다",작별
작업,일,작업
작은아버지,숙부,작은아버지
작은어머니,숙모,작
작전,전술,작전
작정,"결심, 결정",작정
잔돈,잔금; 거스름돈,잔돈
잔소리,잔말,잔소리
잘살다,부유하다; 꼭,잘
잠옷,파자마,잠옷
잠자리,자리,잠자리
잠자코,"가만히, 말없이",잠자코
잠잠하다,"고요하다, 조용하다",잠잠
잡아가다,체포하다,잡아가
잡음,잡소리; 소음/원소,잡음
잡초,잡풀,잡초
장,"장; 창자; 간장; 굉장하다, 기특하다; 시장",장
장가,결혼,장가
장거리,원거리,장거리
장기,장기간,장기
장기간,장기,장기간
장남,맏아들,장남
장년,"중년, 성년",장년
장단,박자,장단
장단점,장단,장단점
장담,확신; 큰소리,장담
장래,미래; 전도,장래
장려,권장,장려
장례,"장사, 초상",장례
장만,"마련, 준비",장만
장사,팔다,장사
장수,만수,장수
장식,"치장, 수식",장식
장신구,액세서리,장신구
장악,쥐다,장악
장애,"방해, 저해; 불구자, 장애자",장애
장애물,방해물,장애물
장인,전문가,장인
장차,차차; 앞으로/미래에/후일에,장차
잦다,"거듭하다, 빈번하다; 흔하다; 빈번하다/흔하다",잦
재고,재고품,재고
재난,"난리, 재앙",재난
재능,"능력, 소질, 재주",재능
재다,측정하다; 재생; 측정하,재
재무,재정,재무
재물,"재산, 재화",재물
재배,"배양, 기르다, 키우다; 가꾸다/일구다/경작하다",재배
재벌,"부자, 재산가",재벌
재빠르다,잽싸다,재빠르
재산,"자산, 재물",재산
재생,"갱생, 소생; 재활용",재생
재앙,재난,재앙
재작년,"전전년, 전전해, 지지난해",재작년
재정,재무,재정
재주,"소질, 솜씨, 재능",재주
재직,근무,재직
재촉,"독촉, 촉구, 서두르다",재촉
재치,기지,재치
재해,"난리, 사고",재해
재혼,개가,재혼
잽싸다,"민첩하다, 신속하다, 재빠르다",잽싸
쟁점,이슈,쟁점
저가,"싼값; 저만치, 저만치; 저기; 젓가락",저
저녁때,저녁녘,저녁때
저렴하다,싸다; 싸다,저렴
저마다저마다,"각자, 각자",저마다
저버리다,"배반하다, 배신하다",저버리
저서,책,저서
저승,"저세상, 황천",저승
저자,"지은이, 필자",저자
저장,갈무리,저장
절정,"정점, 정상",절정
저지르다,범하다,저지르
저축,저금; 저금,저축
저항,"거부, 대항, 반항, 항거; 거부/반항",저항
저해,"방해, 장애",저해
저혈압,저혈압증,저혈압
적대,"대치, 대적",적대
적립,모으다,적립
적발,적출,적발
적색,"붉은색, 빨간색, 홍색",적색
적시다,축이다,적시
적어도,최소한,적어도
적어지다,"감소하다, 축소하다",적어지
적응,익숙해지다; 순응,적응
적절히,잘; 잘,적절히
적정,알맞다; 알맞은 정도,적정
적합,"적격, 합당, 알맞다; 걸맞다/알맞다/적절하다/마땅하다",적합
적히다,쓰이다,적히
전구,알,전구
전국,"거국; 거국적, 거국적",전국
전기,전환기,전기
전년,지난해,전년
전달,전하다; 전하다; 전하다; 지난달,전달
전래,내려오다; 도래되다/전해 내려오다,전래
전략,책략; 전술/무략/병략,전략
전망,조망; 장래; 조망/관망/경관,전망
전망대,망루,전망대
전문,프로,전문
전문가,프로,전문가
전반부,상반부,전반부
전성기,"전성시대, 한창때",전성기
전셋값,전세가,전셋값
전송,보내다,전송
전신,온몸,전신
전염,"감염, 옮다",전염
전염병,"돌림병, 유행병",전염병
전율,"떨다, 떨리다",전율
전쟁터,전장,전쟁터
전통적∙전통적,"고전적, 고전적",전통
전투,"교전, 싸움, 전쟁",전투
전파,"파급, 퍼뜨리다; 확산하다/퍼지다/퍼뜨리다/옮기다",전파
전화위복,새옹지마,전화위복
전환,바꾸다,전환
전환기,전기,전환기
전후,앞뒤; 경,전후
절,"사찰; 절름거리다, 절뚝이다, 절뚝대다, 절뚝거리다",절
절감,"경감, 절약, 줄이다; 통감하다; 절약하다/줄이다",절감
절대절대,"절대로; 무조건적, 무조건적",절대
절대로,절대,절대로
절도,도둑질,절도
절망,좌절,절망
절반,반절; 반,절반
절벽,"낭떠러지, 벼랑",절벽
절실하다,절박하다,절실
절약,아끼다; 긴축/절감,절약
절차,"순서, 차례; 순서/차례",절차
절친하다,극친하다; 친밀하다/긴밀하다/밀접하다,절친
점,점술,점
점검,검사; 검사하다/검열하다/점사하다,점검
점령,점거; 점거하다/점유하다/점하다,점령
점심때,점심; 점심,점심때
점차점차,"점점, 차차",점차
점퍼,잠바,점퍼
점포,"가게, 상점",점포
점프,뛰다,점프
접근,"다가가다, 다가오다",접근
접대,"대접, 서비스, 접객",접대
접속,"연결, 잇다; 연결; 연결; 인접하다/접근하다",접속
접수,받다,접수
접어들다,들어서다; 다가오다/이르다/접근하다,접어들
접전,교전,접전
접촉,닿다; 접하다,접촉
젓다,섞다,젓
정,정히,정
정감,"느낌, 정서",정감
정계,정치계,정계
정교하다,"섬세하다, 치밀하다, 세밀하다, 정밀하다; 세밀하다/정밀하다",정교
정권,"행정권, 정치권력",정권
정답다,"사이좋다, 상냥하다, 의좋다",정답
정당,"당; 공명정대하다, 공정하다, 떳떳하다, 바르다, 옳다, 합당하다; 공정하다/바르다",정당
정말로,"진짜로, 정말",정말로
정밀,"치밀하다, 세밀하다",정밀
정복,정벌; 정벌/극복,정복
정부,행정부,정부
정사각형,정방형,정사각형
정상,"산꼭대기, 절정",정상
정서,"감정, 기분",정서
정성껏,"극진히, 성심껏, 마음껏",정성껏
정세,"상황, 형세",정세
정열,"열정, 열성",정열
정월,일월; 일월,정월
정의,뜻; 뜻; 공평성/정당/도리,정의
정장,양복; 양복,정장
정전,단전,정전
정점,절정,정점
정정당당하다,"당당하다, 떳떳하다; 당당하다/떳떳하다",정정당당
정중하다,"점잖다, 엄중하다",정중
정지,"멈추다, 서다",정지
정책,정략; 시책/방책/방침,정책
정체,"본체; 지체, 침체; 막히다; 침체되다/삽체되다",정체
정치가,정치인,정치가
정치인,정치가,정치인
정화,순화; 카타르시스; 정제,정화
정확히,명확히,정확히
제각기제각기,"각자, 각자, 제가끔, 제각각, 제각각",제각기
제거,없애다,제거
제과점,빵집; 빵집,제과점
제기,"제언, 제의; 제론하다/제언하다",제기
제대,전역,제대
제대로,잘; 잘,제대로
제때,제시간,제때
제발,"꼭, 부디",제발
제법,"곧잘, 꽤",제법
제시간,제때,제
제안,제의,제안
제약,조제; 통제/구속/제한,제약
제외,"빼다, 제하다; 빠지다/배척되다/배제되다",제외
제의,"제기, 제언",제의
제작,만들다; 만들다; 생산하다/배출하다/만들다,제작
제작자,작자,제작자
제재,벌,제재
제정,정하다; 정하다; 입법화하다/규정하다,제정
제조,"개발, 생산, 만들다",제조
제출,내다; 내다,제출
제패,우승,제패
제품,제조품; 물건,제품
제한,한정; 금지되다/속발되다,제한
조,"조목, 조항; 팀; 팀",조
조각,조소,조각
조국,고국,조국
조그마하다,"자그마하다, 작다",조그마
조그맣다,작다; 작다,조그맣
조급하다,성급하다; 성급하다,조급
조르다,"떼쓰다, 투정하다; 괴롭히다/떼쓰다",조르
조리,요리; 요리,조리
조리법,요리법,조리법
조리사,요리사; 요리사,조리사
조립,"만들다, 맞추다",조립
조만간,곧,조만간
조문,문상,조문
조문객,문상객,조문객
조사,토; 알아보다,조사
조상,선조,조상
조세,"세, 세금",조세
조심조심,조심조심히,조심조심
조언,도움말,조언
조의금,부의금,조의금
조작,취급; 날조하다/짓다/지어내다/꾸미,조작
조장,"권장, 촉진; 부추기다/악화시키다/권장하다/격려하다/복돋우다/고무하다",조장
조절,맞추다,조절
조정,중재; 조절되다/보정되다,조정
조종사,파일럿,조종사
조직,"기관, 기구, 사회; 결성하다/정비하다/주선하다",조직
조짐,"기미, 낌새, 전조, 징후",조짐
조치,조처,조치
조합,배합; 단체,조합
족하다,"넉넉하다, 만족하다, 충분하다",족하
존댓말,높임말,존댓말
존재,있다; 있다있다,존재
졸이다,조리다,졸
좀처럼,좀체; 부정문/드물게/여간해서,좀처럼
종,종류; 종자; 벨; 종류,종
종결,끝막음,종결
종료,"끝, 완료, 종결, 끝내다",종료
종일종일,"온종일, 온종일",종일
종전,"먼저, 이전",종전
종종,가끔,종종
종착역,"터미널, 종점",종착역
좌석,자리; 자리,좌석
좌우,좌지우지하다; 좌지우지하다/파급하다/미치다,좌우
좌우명,신조,좌우명
좌절,"낭패, 체념, 절망; 꺾이다/낙심하다/낙담하다",좌절
좌측,왼쪽,좌측
죄송스럽다,유감스럽다; 미안,죄송
죄인,죄수,죄인
죄책감,죄악감,죄책감
주주,주체; 주식,주주
주거,"거주, 주택",주거
주거지,집터,주거지
주관,"관장, 주도, 주최; 자아, 주체; 관장하다/감수하다/감독하다/잡죄다",주관
주권,통치권,주권
주도,"앞장서다, 이끌다; 이끌다/앞장서다/앞서다/선도하다/솔선하다/선머리에 서다/수뇌가 되다",주도
주름,주름살,주름
주름살,주름,주름살
주목,눈여겨보다; 주시/각광; 눈여겨보다/유의하다/집중하다,주목
주무르다,"안마하다, 마사지하다, 주물럭거리다, 주물럭대다, 주물럭주물럭하다",주무르
주민,거주민,주민
주방,부엌; 부엌,주방
주식,주식물; 주,주식
주역,"주연, 주연 배우",주역
주연,주역,주연
주요,중요; 중요,주요
주의,"설, 이데올로기, 이념; 조심; 조심",주의
주최,"개최, 주관",주최
주택,주거; 단독 주택,주택
죽음,사,죽음
준수,"지키다; 수려하다, 잘생기다; 지키다/복종하다/순종하다/받듣다",준수
줄곧,내내; 계속/끊임없이/연달아/연속적으로,줄곧
중,"불승, 승",중
중개,매개,중개
중개인,"중개업자, 중개자",중개인
중계,중계방송,중계
중고,중고품,중고
중년,장년,중년
중단,중절; 멈추다,중단
중대,중요,중대
중도,도중,중도
중력,만유인력,중력
중매,중신,중매
중병,"중환, 중증",중병
중복,겹치다,중복
중세,중세기,중세
중시,중대시,중시
중얼거리다,"중얼대다, 중얼중얼하다",중얼거리
중점,"강조, 역점, 요점",중점
중증,중병,중증
중지,"정지, 중단, 그만두다, 멈추다",중지
즈음,무렵,즈음
즉,곧,즉
즉시,"곧장, 바로",즉시
즐비하다,"늘비하다, 많다",즐비
증가,늘다,증가
증대,증가,증대
증명,밝히다; 증명서,증명
증명서,증명,증명서
증상,증세,증상
증세,"증상, 증후",증세
증오,"미움, 혐오",증오
증정,"기증, 증여; 주다/바치다",증정
증진,늘이다; 개선/작흥/승진/양양,증진
지각,"인식, 깨달음",지각
지겹다,"지긋지긋하다, 지루하다, 질리다",지겹
지구력,"끈기, 인내력, 인내심",지구력
지그시,"가만히, 살며시",지그시
지극하다,극진하다,지극
지금껏,여태껏,지금껏
지급,주다; 주다/지불하다/제공하다/공급하다,지급
지껄이다,"말하다, 흥얼거리다, 흥얼대다, 흥얼흥얼하다",지껄이
지니다,가지다; 가지다/품다/보유하다/간직하다/갖추다,지니
지다,메다; 입다; 메다,지다
지대,지구,지대
지도,"가르침, 가르치다",지도
지도자,리더,지도자
지독하다,"끔찍하다, 심하다",지독
지름,직경,지름
지름길,첩경; 첩경,지름길
지리,지형,지리
지면,"서면, 지상; 땅/땅바닥",지면
지문,글,지문
지배,"관리, 통제, 통치; 집정하다/다스리다/통치하다/통어하다",지배
지불,내다,지불
지사,지부,지사
지상,지면,지상
지성,"이성, 지식, 지혜",지성
지속,"유지, 계속, 연속; 연속적, 연속적; 속개하다/이어지다/잇다/계속하다",지속
지시,명령,지시
지연,"연기, 지체, 밀리다; 지체/연기/미룸/유예",지연
지원,뒷받침,지원
지위,"계급, 신분",지위
지장,"방해, 애로, 장애; 방해/헤살",지장
지저분하다,더럽다; 더럽다,지저분
지적,"지목, 가리키다; 꼽다/지목하다/짚다",지적
지점,분점,지점
지정,정하다; 지적하다,지정
지지,"뒷받침, 찬동",지지
지치다,"피곤하다, 피로하다",지치
지폐,종이돈,지폐
지표,바로미터,지표
지형,지세,지형
지혜,"슬기, 지; 슬기롭다; 영지/예지/현명/오성/삼덕/앎",지혜
지휘,지시,지휘
직,관직,직
직면,당면; 부닥치다/조우하다/붕착하다/처하다,직면
직무,"업무, 사무",직무
직위,직책,직위
진급,승급,진급
진땀,식은땀,진땀
진료,"치료, 진찰",진료
진보,"개명, 개화",진보
진상,참모습,진상
진실,참,진실
진열,"배열, 나열",진열
진입,들어가다; 접어들다/들어가다,진입
진작,진즉; 미리/진즉/먼저/미연에/사전에,진작
진전,"발전, 진보",진전
진정,정말; 정말; 수습; 평정; 참되다,진정
진찰,진료,진찰
진출,나가다; 전진하다/진행하다,진출
진풍경,진경,진풍경
진행자,"사회자, 엠시",진행자
진화,발달; 발전하다/발달하다/진전하다,진화
질리다,"지겹다, 질색하다, 물리다",질리
질병,"우환, 질환; 병",질병
질의,질문; 질문; 질문/의문,질의
질투,"투기; 샘, 시새움, 시샘",질투
질환,질병,질환
짊어지다,맡다,짊어지
짐승,"금수, 동물; 동물",짐승
집다,잡다,집
집단,"그룹, 단체",집단
집사람,"아내, 안사람",집사람
집착,"애착, 집념",집착
짓,행동,짓
짓궂다,심술궂다,짓궂
짓밟다,뭉개다; 밟아 뭉개다/짓이기다,짓밟
짓밟히다,뭉개지다,짓밟히
징그럽다,"흉측하다, 흉하다",징그럽
짖다,울다; 울다,짖
짙다,진하다,짙
짜다,만들다; 조직하다; 세우다,짜
짜임새,구성,짜임새
짤막하다,짧다,짤막
짭짤하다,짜다; 짜다,짭짤
째려보다,노려보다; 노려보다/쏘아보다,째려보
쪼개다,뻐개다,쪼개
쪼그리다,오그리다,쪼그리
쪼다,찍다,쪼다
쪽,페이지,쪽
쪽쪽,조각,쪽쪽
쫓아내다,"내쫓다, 몰아내다, 추방하다; 내쫓다, 추방하다; 몰아내다",쫓아내
쫓아다니다,따라다니다,쫓아다니
쭈그리다,오그리다,쭈그리
찌꺼기,"부스러기, 쓰레기",찌꺼기
찌뿌드드하다,"나른하다, 뻐근하다; 몸이/2날씨가 흐리다/흐릿하다/끄무레하다",찌뿌드드
찌푸리다,찡그리다; 흐리다/흐릿하다/끼다/2찡그리다/누비다,찌푸리
찍히다,촬영되다,찍히
찜질,찜; 찜,찜질
찡그리다,찌푸리다,찡그리
찢기다,찢어지다,찢기
찢어지다,찢기다,찢어지
찧다,빻다,찧
차,차이; 찻길; 찻길; 자동차,차
차곡차곡,차곡차곡히; 차근차근,차곡차곡
차근차근,"차곡차곡, 차근차근히",차근차근
차단,막다; 막히다; 봉쇄/폐쇄/격절,차단
차라리,오히려; 오히려/도리어,차라리
차량,차,차량
차례,제사,차례
차림표,메뉴,차림표
차분하다,"얌전하다, 조용하다, 침착하다; 조용하다; 침착하다",차분
차분히,"얌전히, 조용히 , 침착히",차분히
차비,찻삯; 교통비,차비
차원,"레벨, 수준",차원
차이,차,차이
차차,"점점, 차츰, 점차, 차차로; 점점",차차
차츰,차차; 차차/점차/조금씩/점점/서서히,차츰
착각,혼동; 자만하다/2잘목 알다,착각
착실하다,성실하다,착실
착오,"실수, 잘못; 잘못/실수",착오
착용,"신다, 쓰다, 입다, 차다",착용
찬란하다,밝다; 업적이나 빛/태양,찬란
찬반,가부,찬반
찬성,동의,찬성
찬송가,찬송,찬송가
참가,"참석, 참여",참가
참가자,참가인,참가자
참견,"간여, 간섭, 관여",참견
참고,참조,참고
참맛,진미,참맛
참석,"참가, 참여",참석
참석자,참가자,참석자
참신하다,새롭다; 새롭다/기발,참신
참여,"참가, 참석",참여
참으로,"실로, 진실로, 참; 참",참으로
참을성,인내성,참을성
참조,참고,참조
참치,참다랑어,참치
창,창문; 창문,창
창가,창문가,창가
창백하다,하얗다,창백
창업,개업,창업
창의력,창조력,창의력
창작,창조,창작
창조,창작,창조
창피,"부끄러움, 수치",창피
찾아내다,알아내다,찾아내
찾아들다,생겨나다,찾아들
채,"미처, 아직",채
채용,"고용, 기용, 등용",채용
채우다,잠그다; 잠그다; 단추를/2쇠를,채우
채택,선택; 채용하다/힐책하다/구책하다/받아들다/도입하다,채택
책자,책,책자
챔피언,우승자,챔피언
처가,처갓집; 놓이다; 아내; 놓이다/임하다/2처벌하다/선고하다,처
처녀,처자,처녀
처량하다,"불쌍하다, 쓸쓸하다; 비참하다",처량
처리,"취급, 해결",처리
처방전,처방서,처방전
처벌,"벌, 형벌; 벌/응징/책벌/주벌/형벌",처벌
처지,"경우, 사정, 상황, 신세, 형편; 늘어지다; 사정/상황/환경",처지
처참하다,"비참하다, 처절하다, 참혹하다",처참
처치,"조치, 처리",처치
척추,등뼈,척추
천,"옷감, 헝겊; 생득적, 생득적, 선천적, 선천적",천
천둥,우레,천둥
천생연분,"천생배필 , 천생연인",천생연분
천재,영재,천재
천주교,가톨릭교,천주교
천차만별,십인십색,천차만별
천하다,미천하다,천하
철,계절; 쇠; 계절,철
철거,헐다,철거
철도,"레일, 철길, 철로",철도
철수,돌아가다; 물러나다/손떼다/취하하다/인출하다/기권하다/탈퇴하다,철수
철저,"완벽, 투철, 철두철미; 투철하다/철두철미하다/새부적이다/빈틈없다",철저
철저히,완벽히,철저히
철학,"사상, 이념; 사변적, 사변적",철학
첨가,"부가, 더하다; 추가되다",첨가
첨단,선구,첨단
첨부,덧붙이다,첨부
청구,요청; 요구하다/신청하다/청하다,청구
청색,파란색; 파란색,청색
청중,관객; 관객/청문/입장객/방청객,청중
청춘,청춘기,청춘
청하다,"부탁하다, 요청하다; 구하다/요청하다/부탁하다",청
청혼,구혼,청혼
체감,느끼다,체감
체격,"몸, 신체",체격
체계,시스템; 체제/제도,체계
체념,"단념, 절망",체념
체류,체재; 머무르다/계속 있다,체류
체면,체모; 낯/면목,체면
체벌,기합,체벌
체육,운동,체육
체제,체재,체제
체중,몸무게,체중
체크,"검사, 확인; 검사",체크
체포,잡다,체포
체하다,얹히다,체하
체험,경험,체험
초,양초; 식초,초
초가집,초가,초가집
초과,"이상, 넘다, 지나치다",초과
초라하다,"궁상맞다, 볼품없다, 추레하다, 보잘것없다; 볼품없다/추레하다/보잘것없다/누추하다/허름하다/남루하다",초라
초래,"가져오다, 불러오다; 야기하다/처하게 하다",초래
초록,초록색,초록
초면,생면부지,초면
초상,"장사, 장례",초상
초순,상순,초순
초원,풀밭,초원
초월,넘다,초월
초인종,벨,초인종
초점,"중심, 중점, 핀트",초점
초조,"안절부절못하다, 조마조마하다; 조급하다/성급하다/성마르다/조하다",초조
초창기,초기,초창기
초청,"초대, 초빙",초청
초청장,초대장; 초대장,초청장
촉각,촉감,촉각
총,"총포; 도합, 전부",총
총리,국무총리,총리
촬영,찍다; 찍다,촬영
최고조,"절정, 정점, 클라이맥스",최
최대,최다,최대
최소,최소; 최소화,최소
최후,마지막,최후
추가,"별도, 더하다, 보태다",추가
추격,뒤쫓다,추격
추구,좇다,추구
추락,떨어지다; 떨어지다,추락
추리다,"가려내다, 간추리다, 골라내다, 정리하다; 가려내다/골라내다/뽑다",추리다
추모,추념; 기념하다/추도하다/추억하다,추모
추상적∙추상적,"관념적, 관념적",추상
추세,"경향, 흐름; 경향/흐름/유행/동향",추세
추수,가을걷이,추수
추신,피에스,추신
추이,움직임,추이
추적,뒤쫓다,추적
추정,"어림짐작, 추측",추정
추진,진행; 진행하다/촉진하,추진
추천,소개,추천
추천서,추천장,추천서
추첨,뽑다,추첨
추측,짐작,추측
축복,복,축복
축산업,축산,축산업
축소,줄이다,축소
축제,페스티벌,축제
축축하다,눅눅하다,축축
출간,출판; 나오다,출간
출범,"시작, 출발, 출항",출범
출산,해산,출산
출생,"탄생, 태어나다; 태어나다",출생
출세,"성공, 입신양명",출세
출연,나오다,출연
출입구,문,출입구
출전,나가다,출전
출제,내다; 내다,출제
출출하다,"배고프다, 시장하다",출출
출판,"간행, 출간; 상재/발행/게재",출판
출품,내다,출품
출현,등장,출현
충격,쇼크; 질겁/총돌,충격
충고,조언,충고
충돌,"맞서다, 부딪히다",충돌
충실,"내실, 실하다",충실
충족,"만족, 충분; 부응하다/채우다",충족
취급,처리; 다루다; 다루다/2판매하다,취급
취득,습득; 입수하다/획득하다/습득하다,취득
취사,밥하다,취사
취약,약하다,취약
취업,취직; 취직,취업
취지,"목적, 의도; 의도/목적/목표",취지
취학,입학,취학
측면,옆면; 면; 방면/면모/옆,측면
측정,"측량, 재다",측정
치다,"긋다; 넣다, 뿌리다; 인정하다; 보다",치
치료법,요법,치료법
치르다,"내다, 지불하다",치르
치매,노망,치매
치밀다,"치솟다, 올라오다; 복받치다, 치솟다, 올라오다; 상세하다, 섬세하다, 세밀하다; 세밀하다/정교하다/요밀하다",치밀
치솟다,솟구치다; 솟구치다,치솟
치수,사이즈; 사이즈,치수
치아,이,치아
치욕,"모욕, 수치",치욕
치우다,"옮기다; 정리하다, 청소하다",치우
치우치다,"기울다, 기울어지다, 쏠리다; 기울다/쏠리다",치우치
치유,치료; 치료,치유
치켜들다,치들다; 쳐들다/들다/들어올리다,치켜들
친,생,친
친교,교제,친교
친근감,친밀감,친근감
친근하다,"친하다, 친밀하다, 친숙하다",친근
친밀,"친숙, 친하다",친밀
친밀감,친근감,친밀감
친분,안면,친분
친숙하다,"친하다, 친근하다",친숙
친아버지,"친부, 생부",친아버지
친어머니,"생모, 친모",친어머니
친정,친정집,친정
친족,친척; 친척,친족
친지,친척,친지
칠하다,"도포하다, 바르다, 색칠하다; 일곱일곱; 일흔일흔",칠
침,타액,침
침략,"내침, 침범, 침입, 쳐들어가다, 쳐들어오다",침략
침묵,"묵묵하다, 조용하다",침묵
침범,"침략, 침입, 침해, 넘어가다, 넘어오다",침범
침수,잠기다,침수
침입,"내침, 침략, 침범, 쳐들어가다, 쳐들어오다",침입
침착,차분하다; 차분하다,침착
침체,정체; 경기 후퇴/불황/불경기,침체
침체기,정체기,침체기
침해,"유린, 침범; 침범하다/유린하다",침해
칭하다,"부르다, 일컫다; 부르다",칭하
칼로리칼로리,열량,칼로리
캄캄하다,"어둡다, 컴컴하다",캄캄
캐다,채취하다,캐
캐묻다,"심문하다, 질문하다",캐묻
캠페인,운동,캠페인
캠프,야영,캠프
커다랗다,크다,커다랗
커트,"단발, 자르다",커트
컨디션,상태,컨디션
코너,"구석, 모퉁이",코너
코미디,희극,코미디
코치,지도; 지도자,코치
코트,"경기장, 운동장",코트
콘도,콘도미니엄,콘
콤플렉스,열등감,콤플렉스
콧등,콧마루,콧등
쾌락,"기쁨, 즐거움",쾌락
쾌적하다,상쾌하다,쾌적
쾌활하다,"명랑하다, 유쾌하다, 활발하다; 유쾌하다/명랑하다/흥겹다",쾌활
퀴즈,"문제, 질문",퀴즈
큰길,"대로, 신작로; 맏아들; 백모",큰
큰딸,맏딸,큰딸
큰소리치다,소리치다,큰소리치
큰아버지,백부,큰아버지
큰일,대사,큰일
클래식,고전 음악,클래식
큼직하다,크다,큼직
키,열쇠; 열쇠,키
키스,입맞춤,키스
탈,"가면, 마스크; 변고; 가면극, 가면무",탈
타격,"손실, 손해, 충격, 피해; 치기/일격/강타/손실/배팅",타격
타다,"받다, 얻다; 느끼다; 남",타
타당하다,"마땅하다, 적합하다, 합당하다; 알맞다/적절하다/온당하다",타당
타이르다,이르다; 달래다/설득하다,타이르
타인,타자,타인
타협,"협의, 협상; 협상/협의/절충",타협
탁월하다,"뛰어나다, 출중하다; 우수하다/뛰어나다/훌륭하다/용하다",탁월
탁자,테이블; 테이블,탁자
탁하다,부옇다; 뿌옇다/혼탁하다,탁하
탄생,"출생, 태어나다; 생기다",탄생
탄식,"개탄, 비탄, 한숨, 한탄",탄식
탄압,억압,탄압
탈락,"낙선, 낙제, 떨어지다; 떨어지다; 퇴회",탈락
탈출,"도망, 도주, 달아나다, 벗어나다; 탈주하다/도망하다/도피하다/피신하다",탈출
탈퇴,"나가다, 나오다, 빠지다",탈퇴
탐구,연구,탐구
탐색,"수색, 찾다",탐색
탐험,"탐사, 조사",탐험
탑,타워,탑
탑승,"오르다, 타다",탑승
탓,"까닭, 때문, 원인, 원망하다; 책망하다/원망하다/가책하다",탓
태양,해; 해해,태양
태양열,햇볕,태양열
태우다,그을리다,태우
택하다,"고르다, 선택하다",택하
탤런트,연기자,탤런트
터,"기초, 땅, 자리, 장소",터
터놓다,개방하다; 열다,터놓
터득,"깨닫다, 얻다; 파악하다/이해하다/알아듣다",터득
터뜨리다,터트리다; 터트리다; 터트리다,터뜨리
터무니없다,"얼토당토않다, 허무맹랑하다",터무니없
터전,"기반, 자리; 근거/기초/기반",터전
터지다,폭발하다; 통터지다/격발하다/푹발하다,터지
터트리다,터뜨리다,터트리
털어놓다,"말하다, 실토하다",털어놓
털털하다,수수하다,털털
테두리,"둘레, 윤곽",테두리
테스트,"검사, 시험; 시험",테스트
토,토요일; 토요일,토
토대,"기초, 밑바탕; 밑바탕/터전/기초",토대
토론,"논의, 토의",토론
토막,,토막
토양,흙,토양
토의,"논의, 토론",토의
토지,"땅, 터",토지
토하다,게우다,토하
통풍,통기,통풍
통,"도무지, 전혀; 부정문/전혀/도무지/싹/전부/완전히",통
통과,"지나다; 패스, 합격",통과
통념,통설; 속회/통설,통념
통로,통행로,통로
통보,"통지, 보고, 연락, 알리다; 알리다/통지하다/공지하다/신고하다",통보
통상,무역; 보통보통,통상
통속,"세속, 세습",통속
통역,번역,통역
통용,상용,통용
통제,"단속, 막다; 지배하다/억제하다",통제
통조림,캔,통조림
통째,통짜,통째
통치,"정치, 지배",통치
통통하다,포동포동하다,통통
통하다,"맞다, 연결되다, 이어지다; 상통하다; 지나다",통하
통행,"왕래, 지나다니다",통행
통화,화폐,통화
퇴임,퇴직,퇴임
퇴장,물러나다,퇴장
퇴직,퇴임,퇴직
퇴진,물러나다,퇴진
투고,기고,투고
투덜거리다,투덜투덜하다,투덜거리
투입,넣다; 넣다/끼우다/삽입하다/2배치하다,투입
투자자,투자가,투자자
투쟁,싸움,투쟁
투정,"불평, 탓, 떼쓰다, 조르다; 격분/불평/성냄",투정
투철하다,철저하다,투철
툭,톡; 걸핏하면,툭
툭툭,톡톡,툭툭
퉁퉁,퉁퉁히,퉁퉁
튀다,뛰어오르다,튀
트다,발아하다; 열다,트
트이다,"뚫리다, 열리다",트이
특별,특단,특별
특산물,명물,특산물
특색,특징; 특징/특성/특별,특색
특성,특이성,특성
특수,특이; 특이성; 특별하다,특수
특유,"고유, 특별; 고유/특",특유
특이,특수; 남다르다/이상하다/유별하다/고유하다,특이
특질,"개성, 성질, 특성, 특징",특질
특징,특색,특징
특허,특허권,특허
틀,구조; 켜다,틀
틀림없다,"영락없다, 적확하다; 분명하다",틀림없
틀림없이,"영락없이, 적확히",틀림없이
틀어박히다,들어박히다,틀어박히
틈틈,틈새; 겨를,틈
틈새,틈; 틈/간격/균열/흠,틈새
티,"기색, 태도; 티셔츠",티
티격태격하다,"싸우다, 옥신각신하다",티격태격
티끌,분진,티끌
팀원,조원,팀원
팀장,조장,팀장
파,"갈래, 계통, 그룹, 분파",파
파견,파송; 출장; 보내다/급파하다/파출하다,파견
파고들다,스며들다,파고들
파괴,부수다; 무너뜨리다,파괴
파급,"영향, 전파; 영향/전이/전파/확산",파급
파내다,"꺼내다, 캐내다",파내
파란만장,우여곡절,파란만장
파멸,"멸망, 파괴, 망하다",파멸
파문,영향,파문
파묻다,"매몰하다; 숨기다, 감추다",파묻
파악,이해; 이해하다/해득하다/효득하다,파악
파업,스트라이크,파업
파이프,관,파이프
파일,서류철,파일
파트너,짝; 짝,파트너
파하다,"끝내다, 마치다",파하
파헤치다,"드러내다, 들추다; 캐내다/파다",파헤치
판,판,판
판결,심판,판결
판단,판정; 심판/판결/판정/판별,판단
판매,발매; 팔다,판매
판매원,"세일즈맨, 외판원, 점원",판매원
판명,"판별, 밝히다",판명
판이하다,"다르다, 상이하다",판이
판정,"결정, 판단, 심판; 판단/심판/판결/판별",판정
팔방미인,재주꾼,팔방미인
팔자,"사주, 운수",팔자
패패,지다,패패
패,"떼; 구타하다, 때리다; 지다, 패배하다",패
패기,"야망, 야심; 포부/야심애밍애욕/욕망",패기
패배,패전; 지다,패배
패자,패배자,패자
패턴,유형,패턴
팬티,팬츠,팬티
팽개치다,"내버리다, 내던지다; 내던지다, 그만두다",팽개치
팽창,부풀다; 확충/확대/확장,팽창
퍼뜨리다,퍼트리다,퍼뜨리
퍼붓다,쏟아지다,퍼붓
퍼센트,프로,퍼센트
퍼지다,돌다,퍼지
퍽,"꽤, 매우, 아주, 상당히",퍽
페이지,쪽; 쪽,페이지
펴내다,"발간하다, 발행하다",펴내
편,쪽; 쪽; 쪽,편
편들다,옹호하다,편들
편안히,고이,편안히
편입,편입학,편입
편집,엮다,편집
펼치다,펴다; 펴다; 꿈/생각/상상,펼치
평,"평가, 평판",평
평가,평; 감정하다/심사하다,평가
평론,"비판, 비평",평론
평상시,"상시, 평소, 평시, 평일, 평상",평상시
평생,일생; 일생/생애,평생
평야,"들, 평원",평야
평온,"평안, 평정, 평화",평온
평이하다,단조롭다,평이
평평하다,"고르다, 넓적하다, 판판하다; 평탄하다/편평하다",평평
평화,화평; 평화스럽다,평화
폐,"허파; 누, 민폐, 해",폐
폐쇄,"봉쇄, 닫다, 봉하다",폐쇄
폐지,없애다; 폐교되다,폐지
폐해,"폐단, 병폐",폐해
폐허,쑥대밭,폐허
포근하다,따뜻하다; 아늑하다/오붓하,포근
포기,"기권, 단념, 그만두다",포기
포도주,와인,포도주
포부,"야망, 야심; 희망/계획/야망/패기",포부
포옹,안다,포옹
포용,"관용, 용납; 도량/관용/아량/금도",포용
포장지,포장용지,포장지
포함,넣다; 포괄하다/함유하다/수록하다,포함
폭,너비; 급등,폭
폭락,급락; 급락하다,폭락
폭력,완력; 폭행/폭거/행포,폭력
폭로,까밝히다; 밝히다/드러내다,폭로
폭발,터지다; 터지다,폭발
폭식,과식,폭식
폭염,"더위, 무더위",폭염
폭포,폭포수,폭포
폭행,때리다,폭행
표,"도표; 표명, 표시, 표현",표
표류,"떠돌아다니다, 흘러가다; 방랑, 떠돌아다니다",표류
표면,겉면,표면
표명,"선언, 밝히다, 표하다; 표출하다/표현하다/표하다/밝히다",표명
표방,내세우다,표방
표본,"본보기, 샘플",표본
표시,"표, 표현, 드러내다",표시
표어,모토,표어
표적,"과녁, 목표",표적
표준,준거,표준
표준어,표준말,표준어
표지,커버,표지
표출,표현; 표명하다/표현하다/표하다/밝히다,표출
표현,"묘사, 표출, 나타내다, 드러내다",표현
푸근하다,따뜻하다,푸근
푸념,"넋두리, 신세타령",푸념
푸대접,"냉대, 박대, 한대",푸대접
푸른색,"청색, 파란색",푸른색
푸짐하다,성대하다,푸짐
풀리다,"끌러지다, 풀어지다; 누그러지다, 풀어지다; 풀어지다, 해결되다, 해소되다; 풀어지다; 누그러지다",풀리
풀어내다,"풀다, 해결하다",풀어내
풀어지다,"풀리다; 풀리다, 해소되다; 수영장",풀
품격,"교양, 기품; 품위/위엄/위신/격",품격
품다,안다; 지니다; 가지다,품
품위,체통,품위
품종,종류,품종
품질,질,품질
품행,"몸가짐, 행동, 행실",품행
풍기다,"퍼지다, 퍼뜨리다",풍기
풍부하다,많다; 풍성하다/푸짐하다/두둑하다,풍부
풍성하다,많다,풍성
풍속,풍습,풍속
풍습,"습관, 풍속",풍습
풍요,넉넉하다; 풍요하다,풍요
풍족하다,풍요롭다,풍족
프로,프로페셔널; 프로그램; 프로그램; 프로그램,프로
프린터,인쇄기,프린터
피력,"토로, 드러내다, 밝히다, 털어놓다",피력
피로,피곤,피로
피살,타살,피살
피차,"상호, 서로",피차
피하다,면하다,피하
필기,"기록, 노트, 쓰다, 적다",필기
필자,작자,필자
핏줄,혈관,핏줄
하객,"축하객, 하례객",하객
하나같이,한결같이; 일일이; 일일,하나
하락,하향; 떨어지다,하락
하락세,내림세,하락세
하루빨리,"하루바삐, 하루속히",하루빨리
하루하루하루하루,매일매일,하루하루
하마터면,자칫; 자칫,하마터면
하물며,"더군다나, 심지어",하물며
하반기,후반기,하반기
하반신,하체,하반신
하소연,호소; 징징거리다/푸념하다,하소연
하여간,여하간,하여간
하여튼,아무튼,하여튼
하인,종,하인
하자,"결점, 흠; 결점/결함/단점; 사실은/정말은",하
하차,내리다; 내리다; 내리다,하차
하찮다,보잘것없다; 사소하다; 사소하다/보잘것없다/시시하다,하찮
하천,"강, 시내",하천
하체,"아랫몸, 하반신",하체
하향,하락,하향
학계,"학문계, 학술계",학계
학력,학벌,학력
학문,"공부, 학식, 학업",학문
학벌,학력,학벌
학비,학자금,학비
학습,"학업, 배우다, 익히다",학습
학식,"식견, 지식, 학문",학식
학업,"공부, 학습",학업
한,"원한; 한계, 한도; 정중앙, 중간, 중심, 한복판; 엄동; 오밤중, 한밤; 가운데, 정중앙, 중간, 중심, 중앙, 한가운데; 순식간, 일순간, 찰나; 동석; 한바탕; 중앙; 가운데/중앙/중간; 한도를 정하다/제한을 두다; 그지없다/무한하다/무궁무진하다",한
한가롭다,한가하다; 한가하다,한가
한갓,한낱,한갓
한결,"더욱, 보다, 한층, 훨씬; 같다, 똑같다, 변함없다, 여전하다; 더/더욱/훨씬/한층/보다",한결
한결같이,"꾸준히, 똑같이; 변함없이/2모두",한결같이
한국말,한국어,한국
한국어,한국말,한국어
한꺼번에,단숨에,한꺼번에
한껏,"실컷, 힘껏; 힐컷/힘껏",한껏
한낮,낮,한낮
한낱,한갓,한낱
한데,"한곳, 한군데",한데
한동안,한참,한동안
한몫,한자리,한몫
한바탕한바탕,"한차례, 한판",한바탕
한사코,"꼭, 기어코, 기필코; 기어코/확고히/단호하게/굳세게",한사코
한심하다,한심스럽다,한심
한약,한의약,한약
한적하다,"고요하다, 조용하다, 한산하다, 한갓지다",한적
한정하다,"규정하다, 제한하다; 제한되다/국한되다",한정
한쪽,한편,한쪽
한참한참,한동안; 오랫동안,한참
한층,일층,한층
한탄,"탄식, 통탄",한탄
한탕,한바탕,한탕
한편,한패,한편
함께하다,같이하다; 같이,함께
함부로,"마구, 분별없이",함부로
함성,고함,함성
함정,구덩이,함정
함축,"내포, 품다",함축
합격,"패스, 통과, 붙다; 붙다",합격
합계,"계, 합산",합계
합당하다,"적합하다, 정당하다, 타당하다",합당
합동,"공동, 연합",합동
합치다,합하다,합치
합하다,"합치다; 더하다, 합치다",합
항공기,비행기,항공기
항구,항,항구
항목,조목; 조/항/조항/사항,항목
항생제,마이신,항생제
항아리,"단지, 독",항아리
항의,항변; 항변하다/시위하다/들고일어나다,항의
해,"손해, 폐; 년; 매년매년",해
해결,풀다; 풀다,해결
해고,"면직, 해임, 해직, 자르다",해고
해답,답; 답,해답
해당,들어맞다,해당
해독,판독; 판독하다,해독
해돋이,일출,해돋이
해명,"변명, 설명",해명
해물,해산물,해물
해박하다,박식하다,해박
해변,바닷가; 바닷가,해변
해산물,해물,해산물
해석,"번역, 설명, 해설",해석
해설,풀이; 설명,해설
해소,"없애다, 풀다; 풀다; 해결하다",해소
해안,바닷가,해안
해약,파약; 해지,해약
해양,대양,해양
해제,풀다,해제
해직,"면직, 해고, 해임, 자르다",해직
해체,"분해, 해산; 해산되다",해체
핵,핵무기,핵
핵가족,소가족,핵가족
핵심,"중핵; 중심적, 중심적",핵심
핸드백,손가방,핸드백
햇볕,볕,햇볕
햇살,"햇볕, 햇빛",햇살
행,줄; 줄,행
행렬,"대열, 줄, 행진",행렬
행방,"자취, 종적",행방
행위,행동; 행동,행위
행적,종적,행적
행정부,정부,행정부
행진,"퍼레이드, 행군, 행렬",행진
행하다,"거행하다, 시행하다, 실행하다, 하다, 행사하다",행하
향,향기,향
향기,"향, 향내; 싱그럽다, 향긋하다",향기
향상,"발전, 진보; 개선되다/제고되다/개량되다",향상
향후,이다음,향후
허가,"승낙, 허락",허가
허겁지겁,허둥지둥,허겁지겁
허공,공중,허공
허구,"거짓, 픽션, 허위; 허위",허구
허기,"공복, 배고픔",허기
허둥지둥,허겁지겁,허둥지둥
허락,"승낙, 허가",허락
허름하다,"낡다, 너절하다",허름
허리띠,벨트,허리띠
허망,"공허감, 허무; 허무하다/덧없다/부질없다",허망
허무,"공허, 무상, 덧없다; 허망하다/덧없다/부질없다",허무
허물다,"무너뜨리다, 헐다; 헐다/무너뜨리다/철거하다",허물
허비,"낭비, 소모, 소비; 낭비하다/탕진하다",허비
허술하다,"어설프다, 엉성하다; 초라하다/어설프다/엉성하다",허술
허옇다,희다; 창백하다,허옇
허용,"승낙, 용인, 허가, 허락; 허가받다",허용
허위,거짓,허위
허점,"공백, 허",허점
허파,폐,허파
헌신,"희생, 바치다; 희생적, 희생적",헌신
헐값,"싼값, 저가",헐값
헐다,"무너뜨리다, 철거하다",헐
헐뜯다,"욕하다, 험담하다, 흉보다",헐뜯
헐렁하다,크다; 헐겁다/느슨하다/헹글헹글하다,헐렁
헐레벌떡,급히,헐레벌떡
험난하다,"고생스럽다, 어렵다; 위험하다 2가파르다",험난
험담,"욕, 헐뜯다",험담
험악하다,가파르다,험악
험하다,험준하다,험하
헛되다,한갓되다; 소용없다/무의미하다/보답없다,헛되
헛되이,한갓되이,헛되이
헛소문,뜬소문,헛소문
헛수고,헛고생,헛수
헤매다,방황하다,헤매
헤아리다,"세다; 가늠하다, 생각하다",헤아리
헤어나다,벗어나다,헤어나
헤엄치다,수영하다,헤엄치
해저,바닷속,해저
헤집다,"뒤집다, 비집다, 헤치다",헤집
헤치다,뚫다; 물리치다,헤치
헷갈리다,헛갈리다; 어리벙벙하다/덴겁하다,헷갈리
혁명,변혁,혁명
혁신,"쇄신, 유신",혁신
현기증,어지럼증,현기증
현대,현시대,현대
현명하다,"슬기롭다, 지혜롭다; 슬기롭다/지혜롭다/명철하다",현명
현실성,"실재성, 리얼리티",현실
현안,문제,현안
현장,"실지, 현지",현장
현저하다,두드러지다; 두드러지다/뚜렷하다/특출하다,현저
현지,현장,현지
현직,현임,현직
혈관,핏줄,혈관
혈액,피; 피,혈액
혐오,"미움, 증오",혐오
협동,"공동, 협력, 협심",협동
협력,"협동, 협조",협력
협박,"공갈, 으름장, 위협",협박
협상,"타협, 협의",협상
협약,"규약, 협정, 협상조약",협약
협의,"교섭, 의논, 타협, 협상",협의
협정,"조약, 협약",협정
협조,협력; 협동/협업/합동/합작/공조,협조
형상,생김새,형상
형성,"구성, 이루다; 생기",형성
형식,"폼; 공식적, 공식적",형식
형용하다,"나타내다, 말하다; 형언하다/말하다/표사하다",형용
형태,모양,형태
형편,상황; 상황/정황/환경/사정,형편
형편없다,보잘것없다,형편없
호감,호감정,호감
호되다,"심하다, 혹독하다",호되
호들갑,방정; 말이나 하는 짓이 야단스럽고 방정맞,호들갑
호소,하소연,호소
호우,폭우,호우
호응,응답; 반응,호응
호의,"선의; 긍정적, 긍정적",호의
호젓하다,고적하다,호젓
호조,쾌조,호조
호주머니,주머니; 주머니,호주머니
호출,부름,호출
호칭,명칭; 칭호/명칭/직함,호칭
호황,호경기,호황
호흡,"숨, 숨쉬기; 쉬다; 숨쉬다/한숨돌리다",호흡
호흡기,호흡 기관,호흡기
혹시나,혹시,혹시나
혹은,또는; 또는,혹은
혹평,악평,혹평
혼,"넋; 꾸짖다, 야단치다",혼
혼나다,야단맞다,혼나
혼동,"착각, 헷갈리다",혼동
혼란,"혼잡; 무질서하다, 어지럽다; 혼돈/혼동/혼선/분란",혼란
혼례,결혼식,혼례
혼인,결혼; 결혼,혼인
혼잡,혼란,혼잡
혼잣말,독백,혼잣말
혼합,복합; 섞다; 혼화,혼합
홀가분하다,가뜬하다; 산뜻하다/가볍다/가뿐하다,홀가분
홀로,"따로, 혼자; 혼자혼자",홀로
홈페이지,누리집,홈페이지
홍색,붉은색,홍색
홍수,큰물,홍수
화,재난; 화요일; 화요일,화
화두,"말머리, 이슈; 화제/주제",화두
화면,스크린,화면
화살,살,화살
화장,단장,화장
화장지,휴지; 휴지,화장지
화제,토픽; 주제/화두,화제
화창하다,"맑다, 쾌청하다",화창
화초,"꽃나무, 화훼",화초
화폐,"금전, 돈",화폐
화합,화해하다; 조화/융화/화목; 조화하다/어울리다,화합
확고하다,"굳다, 굳세다; 단호하다/과단하다/굳다",확고
확대,"넓히다, 늘리다; 확충하다/확장하다/팽창하다",확대
확립,"정립, 세우다; 성립되다/설립되다/수립되다",확립
확산,퍼지다; 증식하다/증가하다/퍼지다,확산
확신,"자신, 믿다",확신
확실하다,"분명하다, 틀림없다",확실
확실히,틀림없이,확실히
확장,"확대, 확충, 넓히다, 늘이다; 확대/팽창",확장
확충,확장; 확대하다/확장하다/팽창하다,확충
환갑,회갑,환갑
환경,여건,환경
환원,돌려주다; 되돌리다/복원하다/복구하다,환원
환하다,밝다,환하
환호,"환성, 환호성; 황성을 지르다/응원하다/성원하다",환호
환희,기쁨,환희
활,궁,활
활기,"생기, 활력",활기
활동,"거동, 움직임",활동
활력,"생기, 활기",활력
활발하다,"명랑하다, 왕성하다, 쾌활하다",활발
활약,활동; 활동하다/활황을 띠다,활약
활용,"사용, 이용",활용
황금,금,황금
황금기,전성기; 전성기,황금기
황급히,급히,황급히
황당하다,어이없다,황당
황량하다,"메마르다, 쓸쓸하다",황량
황색,누런색,황색
황제,임금,황제
황혼,땅거미; 노년,황혼
회갑,환갑,회갑
회갑연,환갑잔치,회갑연
회견,회담,회견
회담,"회견, 회의; 회의",회담
회복,낫다; 되찾다/복구하다/수복하다,회복
회상,"상기, 추억",회상
회의적∙회의적,"부정적, 부정적",회의
회전,"순환, 돌다; 돌다; 돌리다; 돌아가다",회전
회피,"기피, 도피, 피하다",회피
회화,대화,회화
획득,얻다; 습득/취득,획득
횡단,가로지르다,횡단
효,효도,효
효과,"효능, 효용, 효율, 효력, 효험; 효율적, 효율적",효과
효능,"효과, 효력, 효용, 효험",효능
효도,효,효도
효력,"효용, 효험",효력
효용,"효력, 효험",효용
효율,"효과; 효과적, 효과적; 능률/효능률",효율
후기,후반기,후기
후대,후세대,후대
후련하다,"개운하다, 시원하다; 시원하다/개운하다",후련
후보,후보자,후보
후보자,후보,후보자
후속,다음,후속
후손,"손, 자손, 후예",후손
후식,디저트,후식
후원,"원조, 지지, 도와주다; 지원하다/지지하다/부양하다",후원
후원자,후견인,후원자
후일,뒷날,후일
후퇴,,후퇴
후하다,"넉넉하다, 많다; 뒤; 뒤",후
훈훈하다,따뜻하다; 따뜻하다/따스하다/열릴하다,훈훈
훔쳐보다,"곁눈질하다, 들여다보다, 염탐하다",훔쳐
훔치다,"닦다, 씻다; 도둑질하다, 슬쩍하다",훔치
훗날,뒷날; 다음날,훗날
훤하다,밝다,훤
훼손,"손상, 해; 파손; 훼상/훼기/손상/피해; 손상을 주다/피해를 입히다",훼손
휘감다,감다,휘감
휘날리다,"나부끼다, 날리다; 흩날리다/나부끼다/흔들리다",휘날리
휘다,"구부러지다, 굴절하다",휘
휘두르다,"내두르다, 내젓다",휘두르
휘말리다,말리다; 말려들다,휘말리
휘발유,가솔린,휘발유
휴무,"휴업, 쉬다",휴무
휴식,휴게; 쉬다,휴식
휴양지,휴양처,휴양지
흉하다,"나쁘다, 불길하다",흉하
흐느끼다,울다; 흑 울다,흐느끼
흐리다,망치다,흐리
흐릿하다,흐리다; 흐리다; 흐리다,흐릿
흐뭇하다,흡족하다; 흡족하다/해낙낙하다/마땅하다,흐뭇
흐트러지다,헝클어지다; 분요하다/정돈되어 있지 않다,흐트러지
흑색,검은색; 검은색,흑색
흑자,이익,흑자
흔들리다,"떨리다, 요동하다, 흔들거리다, 흔들대다, 흔들흔들하다",흔들리
흔적,"자국, 자취; 자취/종적",흔적
흔하다,"비일비재하다, 쌔다",흔하
흔히,곧잘,흔히
흘기다,흘겨보다,흘기
흘러가다,지나가다,흘러가
흘러들다,스미다,흘러들
흙,토양,흙
흠,"결점, 하자",흠
흠뻑,"온통, 충분히",흠뻑
흡사,흡사히,흡사
흡수,빨아들이다; 흡인되다/섭취되다,흡수
흡연,끽연,흡연
흥,"감흥, 신",흥
흥겹다,"신나다, 즐겁다; 즐겁다/쾌활하다/명랑하다",흥겹
흥미,"관심, 재미; 재미있다",흥미
흥미진진하다,재미있다,흥미진진
흥분,"상기, 들뜨다",흥분
흥얼거리다,"흥얼대다, 흥얼흥얼하다; 콧노래를 부르다/흥흥 거리다",흥얼거리
흥청망청,"마구, 함부로",흥청망청
흩어지다,갈라지다; 늘어놓다/흩뿌리다,흩어지
희귀하다,"드물다, 진기하다",희귀
희다,하얗다; 하얗다,희
희미하다,"묘연하다, 불투명하다, 아리송하다; 어렴풋하다/흐릿하다/어슴푸레하다",희미
희박하다,"드물다, 적다; 밀도가 낮은 2가능성이 적은 (드물다/적다",희박
희생,헌신; 제물을 바치다,희생
희한하다,놀랍다,희한
힌트,"도움말, 암시",힌트
힐끔거리다,"힐끔대다, 힐끔힐끔하다",힐끔거리
힐끗,힐끔,힐끗
힘겹다,"고단하다, 고달프다, 힘들다",힘겹
힘쓰다,노력하다; 노력,힘쓰
힘없다,"맥없다; 무능력하다, 무능하다, 무력하다; 흘낏[휙] 보다/흝어보",힘
힘없이,맥없이,힘없이
힘주다,힘쓰다,힘주
힘차다,기운차다,힘차
값,가격,값
교수하다,가르치다,교수
중심,가운데,중심
제일,가장,제일
식구,가족,식구
군것질,간식,군것질
환승하다,갈아타다,환승
씻다,감다; 닦다,씻
고마움,감사,고마움
갑작스레,갑자기,갑작스레
가격,값,가격
돌려주다,갚다,돌려주
그곳,거기,그곳
대부분,거의거의,대부분
허언,거짓말,허언
빌딩,건물,빌딩
바깥,겉,바깥
경기,게임,경기
예식,결혼식,예식
풍경,경치,풍경
층계,계단,층
달걀,계란,달걀
셈,계산,셈
물고기,고기; 생선,물고기
고교,고등학교,고교
선택하다,고르다,선택
감사하다,고맙다,감사
치료하다,고치다,치료
금방,곧; 방금방금; 아까아까,금방
공것,공짜,공것
노트,공책,노트
아홉,구구,아홉
아흔,구십구십,아흔
귀고리,귀걸이,귀고리
거기,그곳,거기
그냥,그대로,그냥
그러므로,그래서; 그러니까,그러므로
그런데,그러나,그런데
고로,그러므로,고로
그러나,그런데; 그렇지만; 하지만,그러나
엊그제,그저께그저께,엊그제
그편,그쪽,그편
멈추다,그치다; 서다; 세우다,멈추
근방,근처,근방
글자,글씨,글자
글,글자,글
방금,금방; 금방; 금방,방금
고대하다,기다리다,고대
키우다,기르다,키우
즐겁다,기쁘다,즐겁
생활관,기숙사,생활관
기관차,기차,기관차
검정색,까만색,검정
자르다,깎다; 썰다,자르
할인하다,깎다,할인
반드시,꼭,반드시
화병,꽃병,화병
희망,꿈,희망
마지막,끝,마지막
완료되다,끝나다,완료
배분하다,나누다; 나누다/분배하다,배분
나오다,나다,나오
흐르다,나다,흐르
여분,나머지,여분
졸업하다,나오다,졸업
보이다,나타나다,보이
나흗날,나흘,나흗날
낚시질,낚시,낚시질
날씨,날날,날씨
마르다,날씬하다,마르
숭례문,남대문,숭례문
남녘,남쪽,남녘
바깥사람,남편,바깥사람
아물다,낫다,아물
내년도,내년,내년도
떨어지다,내려가다,떨어지
오다,내리다,오다
다음날,내일내일; 후,다음
널찍하다,넓다,널찍
지나다,넘다; 지나가다; 지나가다,지나
쓰러지다,넘어지다,쓰러지
입금하다,넣다,입금
너,네,너
타이,넥타이; 태국,타이
늙은이,노인,늙은이
공책,노트,공책
초록색,녹색,초록색
노닐다,놀다,노닐
경악하다,놀라다,경악
놀음,놀이,놀음
농,농담,농
두다,놓다,두다
누이,누나,누이
소식,뉴스,소식
느릿느릿하다,느리다; 느리다,느릿느릿
항상,늘,항상
노쇠하다 ,늙다,노쇠
실력       ,능력,실력
느리다,늦다늦다,느리
모두,다다; 전부전부,모두
갔다오다,다녀오다,갔다오
오가다,다니다,오가
교각,다리,교각
간단,단순,간단
버튼,단추,버튼
단풍잎,단풍,단풍잎
계란,달걀,계란
캘린더,달력,캘린더
빼닮다,닮다,빼닮
대답,답,대답
답신,답장,답신
답,대답,답
대학교,대학,대학교
단과대학,대학,단과
대학,대학교,대학
콘테스트,대회,콘테스트
많이,더,많이
길,도로,길
도회지,도시,도회지
돕다,도와주다,돕
읽다,독서; 보다,읽
갚다,돌려주다,갚
도와주다,돕다; 돕다,도와
마을,동네,마을
동녘,동쪽,동녘
놓다,두다; 주사,놓
후방,뒤쪽,후방
청취하다,듣다,청취
들어가다,들다; 입학,들어가
따스하다,따뜻하다; 따뜻하다,따스
각각,따로,각각
여식,딸,여식
시,때; 시청,시
출발하다,떠나다,출발
똘똘하다,똑똑하다,똘똘
의미,뜻,의미
식당,레스토랑; 음식점,식당
날씬하다,마르다,날씬
동네,마을,동네
끝내다,마치다; 결국/마침내/드디어,끝내
만일,만약,만일
만약,만일,만약
무척,많이,무척
언어,말,언어
그만두다,말다,그만두
깨끗하다,맑다,깨끗
맛나다,맛있다,맛나
매월,매달매달,매월
아주,매우,아주
머리카락,머리,머리카락
머리,머리카락,머리
마시다,먹다,마시
미리,먼저먼저,미리
멀찍이,멀리,멀찍이
그치다,멈추다; 멈추다,그치
서다,멈추다,서다
세우다,멈추다,세우
전언,메시지,전언
전자 우편,메일,전자
전부,모두모두,전부
내일모레,모레모레,내일모레
봉양하다,모시다,봉양
머플러,목도리; 스카프,머플러
중량,무게,중량
공짜,무료,공짜
무어,무엇,무어
매우,무척; 아주,매우
말썽,문제; 물의/분란/곤욕/곤경,말썽
고기,물고기,고기
무엇,뭐,무엇
먼저,미리; 우선,먼저
신뢰하다,믿다; 믿다; 신임하다,신뢰
아래,밑,아래
밖,바깥,밖
외측,바깥쪽,외측
교환하다,바꾸다,교환
변하다,바뀌다; 바뀌다,변하
밑,바닥; 아래,밑
송사,밖,송사
찬,반찬,찬
발밑,발바닥,발밑
식사,밥,식사
문,방문,문
찾아가다,방문,찾아가
갑절,배,갑절
공부하다,배우다,공부
설사병,배탈,설사병
습관,버릇,습관
순번,번호,순번
이미,벌써,이미
변호인,변호사,변호인
의원,병원,의원
발송하다,보내다; 보내다,발송
지내다,보내다,지내
만나다,보다,만나
더욱,보다; 훨씬,더욱
번잡하다,복잡하다,번잡
봄철,봄,봄철
쑥스럽다,부끄럽다; 수줍다/부끄럽다,쑥스럽
무안하다,부끄럽다,무안
매끈하다,부드럽다,매끈
탐나다,부럽다,탐나
일부,부분,일부
아내,부인,아내
자산가,부자,자산가
모자람,부족,모자람
근면하다,부지런하다,근면
보내다,부치다,보내
간청,부탁,간청
명료하다,분명하다; 분명하다/확실하다,명료
분홍,분홍색,분홍
연주하다,불다; 치다; 켜다,연주
가련하다,불쌍하다,가련
빨갛다,붉다,빨갛
비디오테이프,비디오,비디오
기밀,비밀,기밀
근사하다,비슷하다,근사
값비싸다,비싸다,값비싸
건물,빌딩,건물
취하다,빌리다,취하
날쌔다,빠르다,날쌔
세탁하다,빨다; 빨래,세탁
속히,빨리,속히
빼다,뽑다,빼
찾다,뽑다,찾
네,사사; 사거리; 예,네
사철,사계절,사철
문제,사고; 일,문제
정말,사실사실,정말
마흔,사십사십,마흔
비즈니스,사업,비즈니스
이용,사용,이용
가운데,사이; 중간; 중간; 중간,가운데
캔디,사탕,캔디
사흗날,사흘,사흗날
산보,산책,산보
세거리,삼거리,세거리
서른,삼십삼십,서른
생채기,상처,생채기
물건,상품,물건
날짐승,새,날짐승
신선하다,새롭다,신선
신년,새해,신년
색깔,색,색깔
그리워지다,생각나다,그리워
삼십,서른·서른; 세; 셋; 인삼,삼
구미,서양,구미
책방,서점,책방
서녘,서쪽,서녘
강사,선생님,강사
뒷설거지,설거지,뒷설거지
존함,성함,존함
세상,세계,세상
강하다,세다,강하
빨래,세탁,빨래
음,소리,음
목소리,소리,목소리
귀중하다,소중하다,귀중
스피드,속도,스피드
내의,속옷,내의
손,손가락,손
숫자,수,숫자
타월,수건,타월
수순,순서,수순
주점,술집,주점
스케이팅,스케이트,스케이팅
긴장,스트레스,긴장
버릇,습관; 습성/습관,버릇
촌,시골; 시골,촌
시모,시어머니,시모
주문하다,시키다,주문
가족,식구,가족
음식점,식당,음식점
밥,식사,밥
밥상,식탁,밥상
새신랑,신랑,새신랑
신분증명서,신분증,신분증명서
시그널,신호,시그널
밀월여행,신혼여행,밀월여행
결례,실례,결례
지나치다,심하다,지나치
열,십십,열
냉랭하다,쌀쌀하다,냉랭
적다,쓰다,적다
사용하다,쓰다; 쓰다; 이용,사용
오물,쓰레기,오물
휴지통,쓰레기통,휴지통
닦다,씻다,닦
아래편,아래쪽,아래편
부업,아르바이트,부업
암만,아무리,암만
아빠,아버지,아빠
아버지,아빠,아버지
내측,안쪽,내측
적당하다,알맞다,적당
전면,앞쪽,전면
얘,야,얘
베이스볼,야구,베이스볼
채소,야채,채소
조금,약간약간,조금
약방,약국,약방
칫솔질,양치질,칫솔질
어린아이,어린이,어린아이
엄마,어머니,엄마
빨리,어서,빨리
늘,언제나; 항상,늘
안면,얼굴,안면
어머니,엄마,어머니
히프,엉덩이,히프
에어컨디셔너,에어컨,에어컨디셔너
패스,여권,패스
이곳,여기,이곳
팔,여덟여덟; 여든여든,팔
육,여섯여섯; 예순예순,육
여성,여자,여성
철도역,역,철도역
역사학,역사,역사학
극,연극,극
십,열열,십
신열,열,신열
열흘날,열흘,열흘날
우편엽서,엽서,우편엽서
극장,영화관,극장
배우,영화배우,배우
예약,예매,예약
예매,예약,예매
다섯,오오,다섯
금일,오늘오늘,금일
내리다,오다,내리
쉰,오십오십,쉰
와이샤쓰,와이셔츠,와이샤쓰
이국,외국,이국
외인,외국인,외인
쓸쓸하다,외롭다,쓸쓸
음식,요리,음식
체육복,운동복,체육복
위편,위쪽,위편
장소,위치,장소
저명,유명,저명
여섯,육육,여섯
예순,육십육십,예순
음료수,음료,음료수
음용수,음료수,음용수
음료,음료수; 주스,음료
요리,음식,요리
이빨,이,이빨
두,이이,두
승리하다,이기다,승리
빠르다,이르다,빠르
명,이름,명
벌써,이미,벌써
금번,이번,금번
스무,이십이십,스무
사담,이야기,사담
이편,이쪽,이편
일어서다,일어나다,일어서
잃어버리다,잃다,잃
입,입술,입
잊어버리다,잊다; 잊다,잊어버리
계속,자꾸,계속
자판기,자동판매기,자판기
깎다,자르다,깎
상세히,자세히,상세히
자기,자신,자기
짜장면,자장면,짜장면
자동판매기,자판기,자동판매기
지난해,작년,지난해
컵,잔,컵
파티,잔치,파티
실수,잘못잘못,실수
잠시,잠깐잠깐,잠시
잠깐,잠시잠시,잠깐
자다,잠자다,자다
쥐다,잡다,쥐
잡지책,잡지,잡지책
완구,장난감,완구
재미나다,재미있다,재미나
저기,저곳,저기
저녁밥,저녁,저녁밥
지난번,저번,지난번
저편,저쪽,저편
쓰다,적다,쓰
알맞다,적당하다,알맞
모든,전,모든
전공과목,전공,전공
부분,전체,부분
전연,전혀,전연
전화기,전화,전화기
전화,전화기; 통화,전화
중식,점심,중식
정류장,정거장,정류장
수준,정도,수준
정거장,정류장,정거장
정돈,정리,정돈
참말,정말정말,참말
,정하다,
으뜸,제일제일,으뜸
미안하다,죄송하다,미안
주일,주주,주일
언저리,주변,언저리
주변,주위; 주위,주변
주,주일주일,주
주황,주황색,주황
복판,중심,복판
기쁘다,즐겁다,기쁘
늦다,지각,늦
시방,지금지금,시방
이제,지금지금,이제
지나가다,지나다; 지나다,지나가
먼젓번,지난번,먼젓번
전주,지난주,전주
작년,지난해,작년
따분하다,지루하다,따분
지역,지방,지역
시골,지방,시골
고무지우개,지우개,고무지우개
생업,직업,생업
진짜로,진짜진짜,진짜
만들다,짓다,만들
오르다,찌다,오르
자동차,차,자동차
차다,차갑다,차다
가득하다,차다,가득
차갑다,차다,차갑
순서,차례,순서
선량하다,착하다,선량
방문하다,찾다,방문
야채,채소,야채
일천,천천,일천
젊은이,청년,젊은이
블루진,청바지,블루진
정리,청소,정리
바라보다,쳐다보다,바라보
초빙,초대,초빙
녹색,초록색,녹색
요즘,최근,요즘
추석날,추석,추석날
떠나다,출발,떠나
등교,출석,등교
통근,출퇴근,통근
댄스,춤,댄스
무르다,취소,무르
고치다,치료,고치
닭튀김,치킨,닭튀김
동무,친구,동무
가깝다,친하다,가깝
일곱,칠칠,일곱
일흔,칠십칠십,일흔
흑판,칠판,흑판
침상,침대,침상
엽서,카드,엽서
카레라이스,카레,카레
사진기,카메라,사진기
잔,컵; 컵,잔
콧물,코,콧물
코,콧물,코
대두,콩; 어떤 세력이나 현상이 새롭게 나타나다. 머리를 쳐든다는 뜻에서 나온 말이다,대두
자라다,크다크다,자라
성탄절,크리스마스,성탄절
기르다,키우다; 키우다,기르
그을다,타다; 타다,그을
승차하다,타다,승차
섞다,타다,섞
티브이,텔레비전,티브이
특히,특별히,특히
특별히,특히,특별히
건강하다,튼튼하다,건강
켜다,틀다,켜
푸르다,파랗다,푸르
모임,파티,모임
여덟,팔팔,여덟
나가다,팔리다,나가
여든,팔십팔십,여든
손쉽다,편리,손쉽
불편하다,편찮다,불편
편리하다,편하다,편리
상시,평소; 평일,상시
티켓,표,티켓
파랗다,푸르다,파랗
깊이,푹; 푹; 푹,깊이
오래,푹,오래
끄르다,풀다; 풀다,끄르
경치,풍경,경치
지피다,피우다,지피
하숙료,하숙비,하숙료
백색,하얀색; 흰색,백색
학원,학교,학원
학교,학원,학교
한식당,한식집,한식당
조모,할머니,조모
조부,할아버지,조부
같이,함께,같이
비행기표,항공권,비행기
년,해해,년
매년,해마다,매년
국외,해외,국외
일광,햇빛,일광
행운,행복,행운
헬스장,헬스클럽,헬스
돈,현금,돈
현찰,현금,현찰
범,호랑이,범
혹,혹시,혹
성나다,화나다,성나
성내다,화내다,성내
환대,환영,환대
병자,환자,병자
재색,회색,재색
멤버,회원,멤버
후진,후배,후진
바캉스,휴가,바캉스
휴대 전화,휴대폰,휴대
쓰레기,휴지,쓰레기
쓰레기통,휴지통,쓰레기통
파워,힘,파워
어렵다,힘들다,어렵
가닥,올/줄,가닥
가상,상상/공상,가상
거리낌,주저/거침,거리낌
격려,독려/편달/면려,격려
결손,적자/손해/흠결,결손
고정관념,선입견/편견; 고치다,고정
곤경,말썽/역경/고충,곤경
갈등,대립/분쟁/알력,갈등
갈피,방향/일이나 사물의 갈래가 구별되는 어름,갈피
견문,식견/지식/정보/제보,견문
경쟁,다툼/겨룸/대적,경쟁
고집,아집/악착/진피/외고집/생억지,고집
공모,모집/대결/경연/경쟁; 음모/모의/결탁,공모
가설,가정/가언,가설
위탁,개발/제조/제작/부탁/위임,위탁
유세,켐페인/선전,유세
은퇴,퇴직/퇴임/은거,은퇴
이론,설,이론
인접,옆/곁/근접,인접
인파,군중,인파
일쑤,흔히 또는 으레 그러는,일쑤
일품,절품,일품
일환,부분/일부,일환
입지,장소/위치,입지
자각,반성,자각
자선,자혜/애휼,자선
정비,수정/영선/지탱,정비
정식,본식/의식,정식
정황,상황/정상/정경,정황
제격,적격/안성맞춤,제격
제도,시스템/법제,제도
조망,전망/조람,조망
조화,어울림,조화
주체,핵심/중,주체
줏대,등골/등뼈/기골/척추,줏대
중앙,중심/중간,중앙
지능,지적/이지/재지,지능
자렛대,레버,자렛
지반,토대/밑바탕/기초,지반
질,질적/품질,질
차질,문젯거리/문제점/과제/난점/고충,차질
찬사,청송/청탄/찬미/찬탄/찬상/탄상,찬사
참모습,본성/본바탕/본색,참모습
체질,몸바탕/체격,체질
체통,체면/품위/기품/위엄,체통
출신,볼래/기원/근원,출신
충동,순간력/충격량,충동
치안,질서/공안,치안
침투,삼투/삼입/충만/침윤/통철,침투
쾌거,통쾌하고 장한 행위,쾌거
통증,고통/아픔,통증
통합,적분/적산,통합
퇴치,근멸/근절/박본/박멸,퇴치
투기,추측/억측/짐작,투기
특집,특별판,특집
파동,난국/고비/위기,파동
판독,해독,판독
폐기물,쓰레기,폐기물
표창,추장,표창
풍모,모습/용모/풍채,풍모
핀잔,꾸중/꾸지람/야단,핀잔
핑계,변명,핑계
함양,양성/육성,함양
향수병,회향병,향수병
현황,현상,현황
혜택,이익/이득/이점/수,혜택
혹한,강추위,혹한
혼돈,혼란/난장판/대란,혼돈
화근,고민거리/말썽거리,화근
화법,말하는 방법,화법
화해,사화,화해
확답,확실하게 대답하다,확답
확률,가능성/개연성/가망/공산,확률
확보,보증/보호; 보증하다/획득하다/굳히다,확보
환상,상상/공상,환상
횡포,폭압/폭정/학정/압제,횡포
훈련,수련/단련/연수,훈련
흉내,모방/시늉,흉내
흥망,흥망성쇠,흥망
흥행,성공/성과,흥행
공익,공동의 이익,공익
공존,공생/병존/양립,공존
과찬,영합/아유/따리/편녕,과찬
궁핍,가난/궁색/곤궁/빈곤/구차,궁핍
기질,성향/경향/성품,기질
기치,플래카드/현수막,기치
기품,품격/품위/위엄/위신,기품
꼬투리,트집/탓,꼬투리
낌새,기미/조짐/분위기/느낌,낌새
나위,가치/값어치/주가,나위
낭패,실패/파탄/파산,낭패
논점,본론/논,논점
당시,그때/그즘에/그무렵에,당시
대상,목적/물체/물건,대상
돌파구,해결책/돌파,돌파구
동조,동의/일치/동감/찬성,동조
두각,우월/탁월/우능,두각
뒷전,지체/지연/유예,뒷전
디딤돌,수단/발판/거점,디딤돌
또래,동년배/연배/동료,또래
마구잡이,무작위/되는대로/닥치는대로,마구잡이
막무가내,고집,막무가내
막판,마지막 순간/최후,막판
만료,만기/종료,만료
망상,착각/허상/망념,망상
망정,그래도/그렇지만,망정
매듭,결론/결말/끝/단정/종료,매듭
매연,배기가스/배출구,매연
멸종,소멸/사멸/절명,멸종
명색,명목/명목상의,명색
묘미,매력/흡인력,묘미
문명,개명/문운,문명
문턱,문지방,문턱
물질,재료/원료,물질
미궁,미로,미궁
미끼,고기밥,미끼
미덕,덕/덕목/덕행,미덕
미련,정/애착/집심,미련
밑거름,밑바탕/토대/기초,밑거름
밑바탕,밑거름/토대/기초,밑바탕
반란,반역/거사/봉기/난,반란
반발,반발심/저항/항거,반발
방사능,방사성,방사능
방패,방어/차폐,방패
배려,고찰/고려/궁리,배려
본능,본성/모성,본능
본보기,모범/예시/예/사례/보기,본보기
비중,의의/중요성/가치/경중/중요도,비중
사태,상태/형편/사건,사태
성원,응원,성원
상생,공존,상생
소견,의견/견해,소견
소망,소원/희원/희망,소망
소신,신념,소신
손질,수리/수선,손질
솜씨,재주/기량/기능/기술,솜씨
수거,수집,수거
수확,추수,수확
숙명,운명/팔자,숙명
숙원,소원/염원,숙원
숨통,숨구멍,숨통
승산,승운/이길 수 있는 가능성,승산
식이요법,다이어트,식이
신분,계층,신분
실의,실망/저상,실의
심리,내면/심중,심리
심혈,정성,심혈
악취,흑취,악취
안간힘,모질음,안간힘
암시,힌트/귀띔/시사,암시
야심,패기/소망/욕심,야심
어리광(을 피우다/부리다),응석,어리광
엉망진창,엉망/난맥/뒤죽박죽,엉망진창
여백,공란/공백/빈자리,여백
연간,매년,연간
연민(에 빠지다/을 느끼다),불쌍하고 가련하게 여김. 동정심/동정/유감,연민
예언(하다),예고/참언/계시,예언
오산,잘못 셈함. 또는 그 셈,오산
옹호(하다),변호/수호/보호,옹호
요령,요리/요체/솜씨,요령
요행,다행/행운,요행
우호,우정,우호
위용,위엄/품격/품,위용
가두다,구금하다/잡아넣다,가두
간파하다,알아차리다,간파
감수하다,받아들이다,감수
감행하다,강행하다,감행
강행하다,감행하다,강행
거머쥐다,유 휘어잡다,거머쥐
검증하다,확인하다/증명하다,검증
겸비하다,결합하다/손잡다/겸하다/통합하다/합하다,겸비
고발하다,몰아세우다/몰다/몰아붙이다,고발
고사하다,사양하다/지양하다/마다하다/거부하다/거절하다,고사
관장하다,조종하다/책임지다/맡/주관하다,관장
교차하다,만나다/가새지르다/겯지르다,교차
구현하다,구체화하다/실현하다/현실화하다/가시화를 시키다/형상화하다,구현
귀담아듣다,귀를 기울이다/새겨듣다/귀여겨듣다/여겨듣다,귀담아듣
규제하다,단속하다/통제하다/규정하다/조절하다,규제
급변하다,격변하다/돌변하다,급변
급증하다,급상승하다/급등하다,급증
기어가다,기다/굽실거리다,기어가
기탁하다,기증하다/기부하다/맡기다,기탁
꼽다,지적하다/언급하다/지목하다,꼽
꾸물대다,어정거리다/꾸물거리다/늑장을 부리다/미적거리다/뭉그적거리다,꾸물대
꿈틀대다,꼼지락거리다/구물거리다,꿈틀대
날뛰다,설치다/사납게 굴다/야성을 나타내다,날뛰
남발하다,남용하다,남발
납입하다,갚다,납입
넘겨다보다,넘어다보다/욕기를 부리다/탐내다,넘겨다보
닥치다,도래하다/접근하다/다가오다/다다르다,닥치
단장하다,가꾸다/꾸미다,단장
단축되다,줄이다/줄어들다/짧아지다,단축
달구다,뜨겁게 하다/끓이다/데우다,달구
대처하다,대비하다/다루다/처리하다/상대하다,대처
대치하다,대적하다/대립하다/대결시키다/당연하다/대면시키다,대치
도래하다,닥치다/도착하다/내도하다/다다르다/도달하다/달하다/닿다/이르다,도래
도용하다,표절하다:남의 물건이나 명의를 몰래 쓰다.,도용
도태되다,뒤처지다:사람·기업이 경쟁에서,도태
독차지하다,독식하다/독점하다,독차지
돋보이다,두드러지다/부각되다/튀다/띄다,돋보이
돌이키다,되돌아보다,돌이키
(~에) 동감하다,동정하다/공감하다; 동감하다/공감하다; 참가하다/참여하다/가담하다,(
동원하다,출동시키다,동원
되짚다,방금 왔던 길을,되짚
뒤덮이다,덮이다/앉다:빈 데가 없이 온통 덮다,뒤덮이
뒤척이다,엎치락뒤치락하다,뒤척이
따돌리다,배제하다/배척하다,따돌리
뚫다,관통하다,뚫
뜸해지다,격조해지다,뜸해
띄다,튀다,띄
매달리다,달리다/붙들다,매달리
매도하다,팔다/매출하다,매도
무산되다,분산하다/해산하다/흩어지다,무산
무시되다,흘시하다/묵살하다,무시
묵살하다,무시하다/간과하다,묵살
문지르다,비비다,문지르
반영하다,반성하다/나타내다,반영
반환하다,갚다/되돌리다/무르다,반환
발간하다,펴내다/출판하다/발행하다/간행하다,발간
발굴하다,출토하다,발굴
발휘하다,드러내다/나타내다,발휘
방출하다,배출하다/내놓다/뽐다,방출
배정되다,맡다/할당하다/안배하다/배당하다,배정
배척하다,제외하다/배제하다: 따돌리거나 거부하여 밀어 내치다,배척
병행하다,둘이상의 일을 한꺼번에 행하다,병행
보강하다,강화하다/증강하다/강조하다,보강
복받치다,북받치다/치받치다/끓어오르다,복받치
부풀리다,과장하다/오버하다,부풀리
부합하다,일치하다/해당하다,부합
북적대다,북적거리다/붐비다,북적대
분포되다,산재되다/퍼지다/분산되다,분포
분화되다,분열되다/나누어지다/갈리다/갈라지다/분리되다:단순하거나 등질인 것에서 복잡하거나 이질인 것으로 변하게 되다.,분화
불허하다,반대하다/부인하다/불찬성하다,불허
비기다,동점을 이루다,비기
비롯되다,유래하다/시작되다,비롯
빗발치다,총알/말/글/소리/주문/전화 등이,빗발치
빠져들다,빠져들다,빠져들
뿌리박다,정착하다,뿌리박
상기되다,얼굴이 붉어지다/ᄉᄀᄃ 다,상기
상주하다,살다/거주하다,상주
서슴다,주저하다/머뭇거리다/망설이다: 결단을 내리지 못하고 머뭇거리며 망설이다,서슴
석방되다,출옥하다/해방하다,석방
선도하다,앞서다/솔선하다,선도
성행하다,만연하다/유행하다,성행
소각하다,소실하다,소각
소비되다,소모되다,소비
소실되다,불에 타 없어지다/분멸되다/홀딱 타다,소실
소진하다,쇠진하다/탕진하다/없애다,소진
소통하다,전하다/전달하다/교신하다/연락을 주고받다,소통
손꼽히다,뛰어나다,손꼽히
수군거리다,속삭이다/수덕이다/쑥덕거리다,수군거리
수여되다,상을 받/타다/수상하다,수여
슬쩍하다,훔치다/빼앗다/도둑질하다,슬쩍
습득하다,집다/줍다; 획득하다/취득하다/얻다,습득
승진하다,진급하다/승금하다,승진
시달리다,고통받다/당하다/껵다,시달리
쑤시다,아프다/새큰거리다/옥신거리다/들이쑤시다,쑤시
아랑곳하다,관심하다/관계하다,아랑곳
악용하다,남용하다/오용하다,악용
앞세우다,내걸다,앞세우
앞장서다,솔선하다/주도하다,앞장서
애용하다,즐겨 쓰다/상용하다,애용
약화되다,약해지다,약화
어우러지다,어울리다,어우러지
얽매이다,걸리다/구속되다,얽매이
없애다,지우다/없이하다,없애
엎치락뒤치락하다,오낙가락하다/바뀌다,엎치락뒤치락
연계하다,연결하다/연합하다,연계
엿보다,몰래 보다/넘겨다보다/들여다보다,엿
영입하다,모집하다/체용하다,영입
예방하다,막다/방지하다,예방
완주하다,끝까지 가다,완주
우러나오다,우러나다,우러
우러러보다,올려다보다 2. 존중하다/존경하다,우러러
우선시하다,우선권을 얻/갖다/선취하다,우선시
위축되다,웅크리다/움츠리다,위축
유언하다,유언을 남기다/유증하다,유언
유통하다,통용하다/순환하다,유통
으깨다,짓이기다,으깨
으뜸가다,일등하다,으뜸가
이완되다,풀리다/완화되다/발을 뻗다,이완
이입되다,수입되다/들여오다,이입
이주하다,이동하다/이전하다,이주
인수하다,넘겨받다/인계받다/건네받다,인수
인용하다,말을 빌리다/제시하다,인용
일관하다,앞뒤가 맞다,일관
임명되다,피임되다/취임되다/등용되다,임명
자극하다,부체질하다/격려하다/돋우다,자극
잠재하다,은연하다,잠재
잡히다,붙잡히다/절리다,잡
재건하다,고쳐짓다/개축하다,재건
재현하다,재연하다,재현
저술하다,쓰다/저작하다/집필하다,저술
적용하다,사용하다/응용하다,적용
전수하다,물려주다/전하다/전승하다,전수
전이되다,이전되다/양도되다/이동되다,전이
절제하다,억제하다/조절하다/억누르다,절제
접다,개다/개키다/포개다,접
접목하다,섞다/혼합하다,접목
정착하다,거주하다/가정을 꾸미다/영주하다,정착
조성하다,만들다/짓다/내다/이루다,조성
조이다,죄다/쪼이다,조이
종사하다,근무하다/나가다,종사
주선하다,배열하다/배치하다/처리하다/정리하다,주선
주저하다,망설이다/머뭇거리다/우물쭈물하다/주춤거리다/멈칫하다,주저
증발하다,사라지다/날아가다/기화하다,증발
지망하다,바라다/요청하다/신청하다/출원하다,지망
지참하다,가져가다/데려가다,지참
지체되다,연착하다/지연하다/연인하다,지체
지칭하다,일컫다/가리키다/언급하다,지칭
지향하다,기하다/목표하다/목적하다,지향
짐작하다,가정하다/추정하다/추측하다/상정하다,짐작
짚다,대다/지목하다/지적하다/다루다,짚
쪼그라들다,오그라들다,쪼그라들
창립하다,설립하다/수립하다/확립하다/설정하다/세우다,창립
창제하다,발명하다,창제
창출하다,조성하다/창조하다/창작하다,창출
책망하다,질책하다/비난하다/힐난하다,책망
철회하다,철수하다/취소하다/중지하다/중단하다,철회
체결하다,맺다/정약하다/계약하다,체결
촉진하다,홍보하다/고취하다/권장하다/장려하다/육성하다,촉진
추론하다,추고하다/추리하다/추정하다/연역하다,추론
출몰하다,자주] 나타나다/나오다/등장하다,출몰
출시하다,개봉하다,출시
치부하다,여기다/간주하다,치부
치중하다,집중하다/초점을 맞추다/주안점을 두다,치중
칭얼대다,중얼거리다/잉잉 울다,칭얼대
타고나다,지니다/종용하다,타고나
탐방하다,탐험하다/탐사하다/탐색하다/답사하다,탐방
토로하다,털어놓다,토로
퇴색되다,희미해지다/바래다,퇴색
튀어나오다,돌출하다/두드러지다/불거지다,튀어나오
틈나다,한가하다/겨를이 생기다,틈나
포괄하다,포함하다/함유하다/수록하다,포괄
포착하다,잡다/붙잡다,포착
폭등하다,급등하다/급증하다/급상승하다,폭등
합의하다,합의에 도달[이루다/이르다]하,합의
향하다,지향하다/대하다/면하다,향하
헌납하다,기증하다/기부하다/기탁하다,헌납
헹구다,가시다/씻다/세정하다,헹구
현존하다,존재하다/존립하다/실재하다/실존하다,현존
호전되다,나아지다/좋아지다,호전
혹사하다,과로하다/무리하다,혹사
훼방하다,막다/증단시키다/가리를 틀다,훼방
휘둘러보다,주위를 두루 살피다/사방을 살펴보다,휘둘러
흩날리다,나부끼다/휘날리다/흔들리다,흩날리
가지런하다,고르다,가지런
간결하다,간략하다/간단하다,간결
강력하다,막강하다/강하다/세다,강력
갸륵하다,가상하다/기특하다/장하다,갸륵
거대하다,막대하다/대단하다/엄첨나다,거대
거창하다,과대하다/과장하다/흥감하다,거창
거침없다,혈기 왕성하다,거침없
건장하다,우람하다/육중하다,건장
검붉다,진홍색/심홍색/암적색,검붉
검소하다,알뜰하다/절약하다/검약하다,검소
경이롭다,놀랍다/굉장하다/신기하다,경이롭
고루하다,케케묵다/전근대적이다/낡다,고루
고즈넉하다,호젖하다/고요하다/조용하다,고즈넉
공공연하다,공공의/공[개]적,공공연
공허하다,허전하다/비다,공허
광대하다,광활하다/방대하다/드넓다,광대
교묘하다,능숙하다/용하다/솜씨 좋다,교묘
구태의연하다,여전하다,구태의연
굳건하다,강건하다/굳다/확고다,굳건
궂다,나쁘다/고약하다/못되다,궂
그렁그렁하다,칠렁칠렁하다/넘칠 만큼,그렁그렁
그윽하다,깊숙하다/아늑하다/고요하다,그윽
근접하다,인접하다/이웃의/근처의/인근의,근접
근질근질하다,근지럽다/근지럽다/가렵다,근질근질
급박하다,급하다/시급하다/긴급하다,급박
기특하다,대견하다/갸륵하다,기특
긴밀하다,가깝다/절칠하다/밀접하다,긴밀
까칠까칠하다,거칠다,까칠까칠
끈끈하다,끈적끈적하다/깐깐하다,끈끈
냉철하다,차분하다/침착하다/냉정하다,냉철
노련하다,능숙하다/경험있다/익숙하다,노련
누추하다,허름하다/초라하다,누추
느긋하다,원만하다/소탈하다/여유롭다,느긋
능청스럽다,능글맞다/교활하다/앙큼하다,능청
단아하다,우아한/우미하다,단아
덤덤하다,담담하다/묵묵하다,덤덤
데면데면하다,무뚝뚝하다,데면데면
도톰하다,두껍다/두툼하다/넉넉하다,도톰
두둑하다,넉넉하다/풍부하다/풍성하다/푸짐하다,두둑
따끔하다,따가울 정도로 매우 덥다,따끔
만무하다,절대로 없,만무
메스껍다,역겹다/혐오스럽다/아니꼽다/느글거리다,메스껍
무색하다,부끄럽다/창피하다,무색
뭉뚝하다,무디다/뭉툭하다,뭉뚝
미세하다,세밀하다/세세다,미세
밀접하다,가깝다/친근하다,밀접
범상하다,예사롭다,범상
변변하다,적절하다,변변
볼록하다,불룩하다/핑핑하다,볼록
부단하다,꾸준하다/끊임없다/줄기차다,부단
부조리하다,비합리적/역리의/몰상식하다,부조리
분분하다,구구하다,분분
불가피하다,필연적/부득이하다/면할 수 없다/피할 수 없다,불가피
불공정하다,불공평하다/불평등하다/부당하다,불공정
불미스럽다,불미하다,불미
불순하다,불결하다/불온하다,불순
빡빡하다,빠닥빠닥하다,빡빡
뻐근하다,빠근하다,뻐근
뿌듯하다,자랑스럽다/부듯하다,뿌듯
석연하다,명확하다,석연
섣부르다,서투르다,섣부르
성기다,드문드문하다/성글다,성기
속상하다,괴롭다/썩다/화나다,속상하
수북하다,쌓여 있,수북
수수하다,가식없다,수수
순박하다,순진하다/천진하다,순박
시끌벅적하다,시끄럽다/소란스럽다/떠들썩하다,시끌벅적
신중하다,진중하다,신중
씁쓸하다,씁쓰레하다/씁쓰름하다,씁쓸
아기자기하다,매력적이다/매혹적이다,아기자기
아랑곳없다,냉담하다/태연하다,아랑곳없
아련하다,희미하다/흐릿하다/아렴풋하다,아련
안이하다,느긋하다,안이
암울하다,음울하다/어둑어둑하다,암울
애처롭다,가엾다/가엽다/불쌍하다/딱하다,애처롭
야릇하다,이상하다/묘하다/미묘하다,야릇
야속하다,전짢다,야속
얄밉다,약빠르다/밉다/가증서럽다,얄밉
어김없다,틀림없다,어김없
어눌하다,떠듬떠듬하다,어눌
어리석다,둔하다/우매하다/바보같다,어리석
어색하다,부자연스럽다/서먹하다/서투르다,어색
오목하다,우묵하다/옴푹하다,오목
오붓하다,아늑하다/포근하다,오붓
온순하다,순하다/온화하다,온순
온화하다,온난하다/따뜻하다/포근하다/순하다,온화
완만하다,느리다/느릿느릿하다,완만
완연하다,분명하다/명백하다/명확하다/뻔하다,완연
우아하다,고상하다/단아하다,우아
울긋불긋하다,다채롭다/화려하다,울긋불긋
원활하다,순조롭다/순탄하다,원활
위중하다,위독하다/심각하다/위급하다,위중
유능하다,능숙하다,유능
유용하다,도움이 되다/쓸모 있다/쓸데있다/유익하,유용
유해하다,해롭다,유해
인색하다,야박하다/쩨쩨하다/쫀쫀하다,인색
자잘하다,조막만하다/자디잘다/지소하다,자잘
잔인하다,잔혹하다/악랄하다/무정하다/무자비하다/잔악하다,잔인
잔잔하다,조용하다/잠잠하다/고요하다,잔잔
장엄하다,웅장하다/씩씩하다/엄숙하다,장엄
저조하다,낮다/나직하다/저질의,저조
적막하다,잔잔하다/잠잠하다/고요하다/쓸쓸하다,적막
적잖다,상당하다,적잖
점잖다,순하다/온순하다,점잖
정겹다,살갑다/다정하다/자애 깊다/애정 넘치다,정겹
정성스럽다,진정하다/진실되다/성실하다/신실하다,정성
정직하다,바르다/곧다/진솔하다/솔직하다,정직
조밀하다,빽빽하다/울창하다/밀집하다/촘촘하다,조밀
조촐하다,단정하다/단수하다/깨끗하다,조촐
주도면밀하다,빈틈없다/용의주도하다,주도면밀
진지하다,진중하다,진지
질기다,강인하다/억척스럽다,질기
짜릿하다,장쾌하다/자릿자릿하다,짜릿
청명하다,화창하다/쾌청하다,청명
치열하다,격렬하다/강열하다/맹렬하다,치열
쾌청하다,청명하다/화창하다,쾌청
탄탄하다,단단하다/딩딩하다/건경하다/강건하다,탄탄
태연하다,예사롭다,태연
투명하다,명백하다,투명
투박하다,거치다,투박
팽팽하다,아슬아슬하다/접전,팽팽
폭넓다,넓다/광범위하다/해박하다,폭넓
허전하다,비다/공허하다,허전
허하다,연/심]약하다 2공허하다/허전하다,허하
허황되다,궁글다/텅비다,허황되
헤프다,헙헙하다 2쉽다,헤프
호젖하다,고적하다/한적하다/적적하다,호
혼탁하다,탁하다/흐리다,혼탁
화목하다,조화롭다/평화롭다/단란하다,화목
화사하다,화미하다/화려하다/호화찬란하다,화사
휘황찬란하다,눈부시다/현란하다/오색찬란하다,휘황찬란
거침없이,술술,거침없이
고요히,조용히/고요히/살짝/평온하게/얌전하게,고요히
그나마,그것이나마/그것마저도,그나마
그야말로,참으로/그냥/정말로,그야말로
근근이,간신히/겨우/가까스로/고작,근근이
급격히,빠르게/심하게,급격히
급작스레,갑자기/급히,급작
기껏,고작/겨우/기껏해야; 기껏/고작/겨우,기껏
기왕이면,이왕이면,기왕
나란히,가지런히,나란히
다정히,정이 많게,다정히
도통,도무지/도저히,도통
마냥,언제나/늘/항상,마냥
마지못해,부득이하다,마지못해
막상,실제로,막상
무턱대고,무작정/다짜고짜/마구:잘 헤아려 보지도 아니하고 마구.,무턱대
묵묵히,잠자코/말없이/멍멍히/무언으로:말없이 잠잠하게.,묵묵히
별반 (+부정문),별로/특별히,별반
불현듯이,갑자기/급작스럽게,불현듯이
섣불리,성급히/솜씨가 설고 어설프게,섣불리
성급히,성질이 급하게,성급히
소폭,적은 정도로,소폭
손색없이,다른 것과 견주어 못한 점이 없이,손색없이
스스럼없이,조심스럽거나 부끄러운 마음이 없이,스스럼없이
심지어,더욱 심하다 못하여 나중에,심지어
아낌없이,후하게/관대하게/풍부하게,아낌없이
아무래도,보기에/적어도,아무래도
아예,결코/절대로/한 번도,아예
아울러,함께/같이,아울러
양껏,마음껏/실컷/잔뜩,양껏
어느새,어느덧/모르는 사이에/깨어보니,어느새
어렴풋이,희미하게/흐려서,어렴풋이
어차피,하여튼/아무튼/어쨌든/게다가/이왕,어차피
억지로,마지못해/무리하게,억지로
엄연히,권위 있게,엄연히
여간,부정문,여간
월등히,상당히,월등히
유난히,특별히,유난히
유독,단지/다만/오직/오로지/2더욱(더),유독
유유히,느긋하게/늘어지게,유유히
으레,습관적으로,으레
은근히,은밀히/내심,은근히
일단,우선/먼저,일단
일제히,다 함께/동시,일제히
제멋대로,마음대로/이기적으로,제멋대로
지극히,극히/극도로/무척,지극히
차마,부정문/도저히,차마
턱없이,터무니없이/엄청나게,턱없이
톡톡히,확실히/충분히/흡족히,톡톡히
틈틈이,짬짬이/때때로,틈틈이
하염없이,멍하니/나도 모르게 계속/우두커니/멍청히,하염없이
행여,행여나/혹시[나/라고]/아마,행여
형편없이,심하게,형편없이
혹시,행여[나]/아마,혹시
확연히,확실하게/확실히/분명히/반드시,확연히
힘껏,혼신의 힘[전력]을 다하여,힘껏
